symbol,title
A01B,"SOIL WORKING IN AGRICULTURE OR FORESTRY; PARTS, DETAILS, OR ACCESSORIES OF AGRICULTURAL MACHINES OR IMPLEMENTS, IN GENERAL (making or covering furrows or holes for sowing, planting or manuring A01C5/00; mowers convertible to soil working apparatus or capable of soil working A01D42/04; mowers combined with soil working implements A01D43/12; soil working for engineering purposes E01, E02, E21)"
A01C,"PLANTING; SOWING; FERTILISING (parts, details or accessories of agricultural machines or implements, in general A01B51/00 - A01B75/00)"
A01D,HARVESTING; MOWING
A01F,PROCESSING OF HARVESTED PRODUCE; HAY OR STRAW PRESSES; DEVICES FOR STORING AGRICULTURAL OR HORTICULTURAL PRODUCE (devices for topping or skinning onions or flower bulbs A23N15/08)
A01G,"HORTICULTURE; CULTIVATION OF VEGETABLES, FLOWERS, RICE, FRUIT, VINES, HOPS OR SEAWEED; FORESTRY; WATERING (picking of fruits, vegetables, hops or the like A01D46/00; propagating unicellular algae C12N1/12)"
A01H,NEW PLANTS OR {NON-TRANSGENIC} PROCESSES FOR OBTAINING THEM; PLANT REPRODUCTION BY TISSUE CULTURE TECHNIQUES
A01J,MANUFACTURE OF DAIRY PRODUCTS
A01K,"ANIMAL HUSBANDRY; AVICULTURE; APICULTURE; PISCICULTURE; FISHING; REARING OR BREEDING ANIMALS, NOT OTHERWISE PROVIDED FOR; NEW BREEDS OF ANIMALS"
A01L,SHOEING OF ANIMALS
A01M,"CATCHING, TRAPPING OR SCARING OF ANIMALS (appliances for catching swarms or drone-catching A01K57/00; fishing A01K69/00 - {A01K99/00}; biocides, pest repellants or attractants A01N); APPARATUS FOR THE DESTRUCTION OF NOXIOUS ANIMALS OR NOXIOUS PLANTS"
A01N,"PRESERVATION OF BODIES OF HUMANS OR ANIMALS OR PLANTS OR PARTS THEREOF (preservation of food or foodstuff A23); BIOCIDES, e.g. AS DISINFECTANTS, AS PESTICIDES OR AS HERBICIDES (preparations for medical, dental or toiletry purposes which kill or prevent the growth or proliferation of unwanted organisms A61K); PEST REPELLANTS OR ATTRACTANTS; PLANT GROWTH REGULATORS"
A01P,"BIOCIDAL, PEST REPELLANT, PEST ATTRACTANT OR PLANT GROWTH REGULATORY ACTIVITY OF CHEMICAL COMPOUNDS OR PREPARATIONS"
A21B,BAKERS' OVENS; MACHINES OR EQUIPMENT FOR BAKING (domestic baking equipment A47J37/00)
A21C,MACHINES OR EQUIPMENT FOR MAKING OR PROCESSING DOUGHS; HANDLING BAKED ARTICLES MADE FROM DOUGH
A21D,"TREATMENT OF FLOUR OR DOUGH FOR BAKING, e.g. BY ADDITION OF MATERIALS; BAKING; BAKERY PRODUCTS (preservation of flour or dough before baking A23B40/00; preservation of bakery products A23B45/00)"
A22B,SLAUGHTERING
A22C,"PROCESSING MEAT, POULTRY, OR FISH (preserving A23B; obtaining protein compositions for foodstuffs A23J1/00; fish, meat or poultry preparations A23L; disintegrating, e.g. chopping meat, B02C18/00; preparation of proteins C07K1/00)"
A23B,"PRESERVATION OF FOODS, FOODSTUFFS OR NON-ALCOHOLIC BEVERAGES; CHEMICAL RIPENING OF FRUIT OR VEGETABLES"
A23C,"DAIRY PRODUCTS, e.g. MILK, BUTTER OR CHEESE; MILK OR CHEESE SUBSTITUTES; PREPARATION THEREOF (preservation thereof A23B11/00)"
A23D,"EDIBLE OILS OR FATS, e.g. MARGARINES, SHORTENINGS OR COOKING OILS (preservation thereof A23B20/00; production, refinement or preservation of animal or vegetable fats or oils C11B, C11C)"
A23F,"COFFEE; TEA; THEIR SUBSTITUTES; MANUFACTURE, PREPARATION, OR INFUSION THEREOF"
A23G,"COCOA; COCOA PRODUCTS, e.g. CHOCOLATE; SUBSTITUTES FOR COCOA OR COCOA PRODUCTS; CONFECTIONERY; CHEWING GUM; ICE-CREAM; PREPARATION THEREOF"
A23J,PROTEIN COMPOSITIONS FOR FOODSTUFFS; WORKING-UP PROTEINS FOR FOODSTUFFS; PHOSPHATIDE COMPOSITIONS FOR FOODSTUFFS
A23K,FODDER
A23L,"FOODS, FOODSTUFFS OR NON-ALCOHOLIC BEVERAGES, NOT OTHERWISE PROVIDED FOR; PREPARATION OR TREATMENT THEREOF (preservation thereof A23B)"
A23N,"MACHINES OR APPARATUS FOR TREATING HARVESTED FRUIT, VEGETABLES OR FLOWER BULBS IN BULK, NOT OTHERWISE PROVIDED FOR; PEELING VEGETABLES OR FRUIT IN BULK; APPARATUS FOR PREPARING ANIMAL FEEDING- STUFFS (machines for cutting straw or fodder A01F29/00; disintegrating, e.g. shredding, B02C; severing, e.g. cutting, splitting, slicing B26B, B26D)"
A23P,"SHAPING OR WORKING OF FOODSTUFFS, NOT FULLY COVERED BY A SINGLE OTHER SUBCLASS"
A23V,"INDEXING SCHEME RELATING TO FOODS, FOODSTUFFS OR NON-ALCOHOLIC BEVERAGES AND LACTIC OR PROPIONIC ACID BACTERIA USED IN FOODSTUFFS OR FOOD PREPARATION"
A24B,MANUFACTURE OR PREPARATION OF TOBACCO FOR SMOKING OR CHEWING; TOBACCO; SNUFF
A24C,MACHINES FOR MAKING CIGARS OR CIGARETTES
A24D,CIGARS; CIGARETTES; TOBACCO SMOKE FILTERS; MOUTHPIECES OF CIGARS OR CIGARETTES; MANUFACTURE OF TOBACCO SMOKE FILTERS OR MOUTHPIECES
A24F,"SMOKERS' REQUISITES; MATCH BOXES; SIMULATED SMOKING DEVICES (inhaling appliances for medical purposes, shaped like cigars, cigarettes or pipes A61M15/06)"
A41B,SHIRTS; UNDERWEAR; BABY LINEN; HANDKERCHIEFS
A41C,CORSETS; BRASSIERES
A41D,OUTERWEAR; PROTECTIVE GARMENTS; ACCESSORIES
A41F,GARMENT FASTENINGS; SUSPENDERS
A41G,ARTIFICIAL FLOWERS; WIGS; MASKS; FEATHERS
A41H,"APPLIANCES OR METHODS FOR MAKING CLOTHES, e.g. FOR DRESS-MAKING OR FOR TAILORING, NOT OTHERWISE PROVIDED FOR"
A42B,HATS; HEAD COVERINGS (headbands A41D20/00; head-scarves A41D23/00)
A42C,"MANUFACTURING OR TRIMMING HEAD COVERINGS, e.g. HATS"
A43B,CHARACTERISTIC FEATURES OF FOOTWEAR; PARTS OF FOOTWEAR
A43C,FASTENINGS OR ATTACHMENTS OF FOOTWEAR; LACES IN GENERAL
A43D,"MACHINES, TOOLS, EQUIPMENT OR METHODS FOR MANUFACTURING OR REPAIRING FOOTWEAR"
A44B,"BUTTONS, PINS, BUCKLES, SLIDE FASTENERS, OR THE LIKE (fastenings specially adapted for footwear A43C)"
A44C,"PERSONAL ADORNMENTS, e.g. JEWELLERY; COINS"
A45B,"WALKING STICKS (walking aids, e.g. sticks, for blind persons A61H3/06); UMBRELLAS; LADIES' OR LIKE FANS (cane or umbrella stands or holders A47G25/12)"
A45C,PURSES; LUGGAGE; HAND CARRIED BAGS
A45D,"HAIRDRESSING OR SHAVING EQUIPMENT (wigs, toupees or the like A41G3/00, A41G5/00; hairdressers' chairs A47C1/04; hair cutting appliances, razors B26B); EQUIPMENT FOR COSMETICS OR COSMETIC TREATMENTS, e.g. FOR MANICURING OR PEDICURING"
A45F,TRAVELLING OR CAMP EQUIPMENT: SACKS OR PACKS CARRIED ON THE BODY
A46B,BRUSHES (handles not integral with brushware B25G)
A46D,MANUFACTURE OF BRUSHES
A47B,TABLES; DESKS; OFFICE FURNITURE; CABINETS; DRAWERS; GENERAL DETAILS OF FURNITURE (furniture jointing F16B)
A47C,CHAIRS; SOFAS; BEDS
A47D,"FURNITURE SPECIALLY ADAPTED FOR CHILDREN (school benches or desks A47B39/00, A47B41/00)"
A47F,"SPECIAL FURNITURE, FITTINGS, OR ACCESSORIES FOR SHOPS, STOREHOUSES, BARS, RESTAURANTS OR THE LIKE; PAYING COUNTERS"
A47G,HOUSEHOLD OR TABLE EQUIPMENT (book-ends A47B5/00; knives B26B)
A47H,FURNISHINGS FOR WINDOWS OR DOORS (concerned with the functioning of the door or window E05; roller blinds E06B)
A47J,KITCHEN EQUIPMENT; COFFEE MILLS; SPICE MILLS; APPARATUS FOR MAKING BEVERAGES
A47K,"SANITARY EQUIPMENT; ACCESSORIES THEREFOR, e.g. TOILET ACCESSORIES"
A47L,DOMESTIC WASHING OR CLEANING (brushes A46B; cleaning quantities of bottles or of other hollow articles of one kind B08B9/00; laundry D06F); SUCTION CLEANERS IN GENERAL (cleaning in general B08)
A61B,DIAGNOSIS; SURGERY; IDENTIFICATION (usefulness limited to only animals A61D)
A61C,"DENTISTRY; APPARATUS OR METHODS FOR ORAL OR DENTAL HYGIENE (non-driven toothbrushes A46B; {tongue scrapers A61B17/24;} preparations for dentistry A61K6/00; preparations for cleaning the teeth or mouth A61K8/00, A61Q11/00)"
A61D,"VETERINARY INSTRUMENTS, IMPLEMENTS, TOOLS, OR METHODS"
A61F,"FILTERS IMPLANTABLE INTO BLOOD VESSELS; PROSTHESES; DEVICES PROVIDING PATENCY TO, OR PREVENTING COLLAPSING OF, TUBULAR STRUCTURES OF THE BODY, e.g. STENTS; ORTHOPAEDIC, NURSING OR CONTRACEPTIVE DEVICES; FOMENTATION; TREATMENT OR PROTECTION OF EYES OR EARS; BANDAGES, DRESSINGS OR ABSORBENT PADS; FIRST-AID KITS (dental prosthetics A61C)"
A61G,"TRANSPORT, PERSONAL CONVEYANCES, OR ACCOMMODATION SPECIALLY ADAPTED FOR PATIENTS OR DISABLED PERSONS (appliances for aiding patients or disabled persons to walk A61H3/00); OPERATING TABLES OR CHAIRS; CHAIRS FOR DENTISTRY; FUNERAL DEVICES (embalming corpses A01N1/00)"
A61H,"PHYSICAL THERAPY APPARATUS, e.g. DEVICES FOR LOCATING OR STIMULATING REFLEX POINTS IN THE BODY; ARTIFICIAL RESPIRATION; MASSAGE; BATHING DEVICES FOR SPECIAL THERAPEUTIC OR HYGIENIC PURPOSES OR SPECIFIC PARTS OF THE BODY (electrotherapy, magnetotherapy, radiation therapy or ultrasound therapy A61N)"
A61J,CONTAINERS SPECIALLY ADAPTED FOR MEDICAL OR PHARMACEUTICAL PURPOSES; DEVICES OR METHODS SPECIALLY ADAPTED FOR BRINGING PHARMACEUTICAL PRODUCTS INTO PARTICULAR PHYSICAL OR ADMINISTERING FORMS; DEVICES FOR ADMINISTERING FOOD OR MEDICINES ORALLY; BABY COMFORTERS; DEVICES FOR RECEIVING SPITTLE
A61K,"PREPARATIONS FOR MEDICAL, DENTAL OR TOILETRY PURPOSES (devices or methods specially adapted for bringing pharmaceutical products into particular physical or administering forms A61J3/00; chemical aspects of, or use of materials for deodorisation of air, for disinfection or sterilisation, or for bandages, dressings, absorbent pads or surgical articles A61L; soap compositions C11D)"
A61L,"METHODS OR APPARATUS FOR STERILISING MATERIALS OR OBJECTS IN GENERAL; DISINFECTION, STERILISATION OR DEODORISATION OF AIR; CHEMICAL ASPECTS OF BANDAGES, DRESSINGS, ABSORBENT PADS OR SURGICAL ARTICLES; MATERIALS FOR BANDAGES, DRESSINGS, ABSORBENT PADS OR SURGICAL ARTICLES (preservation of bodies or disinfecting characterised by the agents employed A01N; preserving, e.g. sterilising, food or foodstuffs A23; preparations for medical, dental or toiletry purposes A61K)"
A61M,"DEVICES FOR INTRODUCING MEDIA INTO, OR ONTO, THE BODY (introducing media into or onto the bodies of animals A61D7/00; means for inserting tampons A61F13/26; devices for administering food or medicines orally A61J; containers for collecting, storing or administering blood or medical fluids A61J1/05); DEVICES FOR TRANSDUCING BODY MEDIA OR FOR TAKING MEDIA FROM THE BODY (surgery A61B; chemical aspects of surgical articles A61L); DEVICES FOR PRODUCING OR ENDING SLEEP OR STUPOR {(Electrotherapy, e.g. producing anaesthesia by the use of alternating or intermittent currents A61N1/36021)}"
A61N,"ELECTROTHERAPY; MAGNETOTHERAPY; RADIATION THERAPY; ULTRASOUND THERAPY (measurement of bioelectric currents A61B; surgical instruments, devices or methods for transferring non-mechanical forms of energy to or from the body A61B18/00; anaesthetic apparatus in general A61M; incandescent lamps H01K; infrared radiators for heating H05B)"
A61P,SPECIFIC THERAPEUTIC ACTIVITY OF CHEMICAL COMPOUNDS OR MEDICINAL PREPARATIONS
A61Q,SPECIFIC USE OF COSMETICS OR SIMILAR TOILETRY PREPARATIONS
A62B,"DEVICES, APPARATUS OR METHODS FOR LIFE-SAVING (valves specially adapted for medical use A61M39/00; life-saving devices, apparatus or methods specially adapted for use in water B63C9/00; divers' equipment B63C11/00; specially adopted for use with aircraft, e.g. parachutes, ejector seats, {B64D17/00, B64D25/10}; rescue devices peculiar to mining E21F11/00)"
A62C,"FIRE-FIGHTING (fire-extinguishing compositions, use of chemical substances in extinguishing fires A62D1/00; spraying, applying liquids or other fluent materials to surfaces in general B05; alarm arrangements G08B, e.g. fire alarms actuated by smoke or gases G08B17/10)"
A62D,CHEMICAL MEANS FOR EXTINGUISHING FIRES OR FOR COMBATING OR PROTECTING AGAINST HARMFUL CHEMICAL AGENTS; CHEMICAL MATERIALS FOR USE IN BREATHING APPARATUS
A63B,"APPARATUS FOR PHYSICAL TRAINING, GYMNASTICS, SWIMMING, CLIMBING, OR FENCING; BALL GAMES; TRAINING EQUIPMENT (apparatus for passive exercising, massage A61H)"
A63C,"SKATES; SKIS; ROLLER SKATES; DESIGN OR LAYOUT OF COURTS, RINKS OR THE LIKE (water skis B63B32/00, B63B34/00)"
A63D,"BOWLING GAMES, e.g. SKITTLES, BOCCE OR BOWLS; INSTALLATIONS THEREFOR; BAGATELLE OR SIMILAR GAMES; BILLIARDS (balls A63B37/00)"
A63F,"CARD, BOARD, OR ROULETTE GAMES; INDOOR GAMES USING SMALL MOVING PLAYING BODIES; VIDEO GAMES; GAMES NOT OTHERWISE PROVIDED FOR"
A63G,MERRY-GO-ROUNDS; SWINGS; ROCKING-HORSES; CHUTES; SWITCHBACKS; SIMILAR DEVICES FOR PUBLIC AMUSEMENT
A63H,"TOYS, e.g. TOPS, DOLLS, HOOPS OR BUILDING BLOCKS"
A63J,"DEVICES FOR THEATRES, CIRCUSES, OR THE LIKE; CONJURING APPLIANCES OR THE LIKE"
A63K,RACING; RIDING SPORTS; EQUIPMENT OR ACCESSORIES THEREFOR
B01B,BOILING; BOILING APPARATUS {; EVAPORATION; EVAPORATION APPARATUS}
B01D,"SEPARATION (separating solids from solids by wet methods B03B, B03D; by pneumatic jigs or tables B03B; by other dry methods B07; magnetic or electrostatic separation of solid materials from solid materials or fluids, separation by high-voltage electric fields B03C; centrifuges, vortex apparatus B04; presses per se for squeezing-out liquid from liquid-containing material B30B9/02; treatment of water C02F, e.g. softening by ion-exchange C02F1/42; {arrangements of air intake cleaners in gas turbine plants F02C7/05} ; arrangements or mounting of filters in air-conditioning, air-humidification or ventilation F24F13/28)"
B01F,"MIXING, e.g. DISSOLVING, EMULSIFYING OR DISPERSING (mixing paints B44D3/06)"
B01J,"CHEMICAL OR PHYSICAL PROCESSES, e.g. CATALYSIS OR COLLOID CHEMISTRY; THEIR RELEVANT APPARATUS"
B01L,CHEMICAL OR PHYSICAL LABORATORY APPARATUS FOR GENERAL USE
B02B,PREPARING GRAIN FOR MILLING; REFINING GRANULAR FRUIT TO COMMERCIAL PRODUCTS BY WORKING THE SURFACE (making dough from cereals directly A21C; preservation or sterilisation of cereals A23B; cleaning fruit A23N; preparation of malt C12C)
B02C,"CRUSHING, PULVERISING, OR DISINTEGRATING IN GENERAL; MILLING GRAIN ({household tools and machines for pulverising foodstuffs, e.g. coffee and spice mills A47J42/00; pharmaceutical mortars A61J3/02; mechanical processing of refuse and garbage B03B9/06; dressing mould materials by grinding B22C5/04}; obtaining metallic powder by crushing, grinding or milling B22F9/04; {recovery of plastics by disintegrating B29B17/00; crushing raw materials in starch making C08B30/02; beaters for papermaking D21D1/02; crushing devices specially for transport in mines E21F13/002; slag crushing devices F23J1/00; fuel milling devices in combustion apparatus F23K1/00; household devices for crushing coal F24B15/02; ice disintegrating devices F25C5/02})"
B03B,SEPARATING SOLID MATERIALS USING LIQUIDS OR USING PNEUMATIC TABLES OR JIGS
B03C,"MAGNETIC OR ELECTROSTATIC SEPARATION OF SOLID MATERIALS FROM SOLID MATERIALS OR FLUIDS; SEPARATION BY HIGH-VOLTAGE ELECTRIC FIELDS (separating isotopes B01D59/00; combinations of magnetic or electrostatic separation with separation of solids by other means B03B, B07B)"
B03D,"FLOTATION; DIFFERENTIAL SEDIMENTATION (sedimentation in general B01D21/00; in combination with other separation of solids B03B; sink-float separation B03B5/28; detergents, soaps C11D)"
B04B,"CENTRIFUGES (high-speed drum mills B02C19/11; domestic spin driers D06F; analysing, measuring or monitoring physical or chemical properties of samples during centrifuging, see the relevant subclasses for these procedures, e.g. G01N)"
B04C,"APPARATUS USING FREE VORTEX FLOW, e.g. CYCLONES ({centrifugal separation of water from steam B01D45/12;} jet mills B02C19/06; {wind sifters B07B7/00;} cyclonic type combustion apparatus F23; {vortex burners for cyclone-type combustion apparatus F23D1/02; cyclonic type combustion apparatus for gas turbines F23R3/00})"
B05B,SPRAYING APPARATUS; ATOMISING APPARATUS; NOZZLES (spray-mixers with nozzles B01F25/72; processes for applying liquids or other fluent materials to surfaces by spraying B05D)
B05C,"APPARATUS FOR APPLYING FLUENT MATERIALS TO SURFACES, IN GENERAL (spraying apparatus, atomising apparatus, nozzles B05B; plant for applying liquids or other fluent materials to objects by electrostatic spraying B05B5/08)"
B05D,"PROCESSES FOR APPLYING FLUENT MATERIALS TO SURFACES, IN GENERAL (conveying articles or workpieces through baths of liquid B65G, e.g. B65G49/02)"
B06B,"METHODS OR APPARATUS FOR GENERATING OR TRANSMITTING MECHANICAL VIBRATIONS OF INFRASONIC, SONIC, OR ULTRASONIC FREQUENCY, {e.g.} FOR PERFORMING MECHANICAL WORK IN GENERAL (for particular applications, see the relevant subclasses, e.g. B07B1/40, B23Q17/12, B24B31/06; measurement of mechanical vibrations G01H; in direction finding, locating, distance or velocity measuring G01S; {generating seismic energy G01V1/02}; control of mechanical vibrations in general G05D; sound-producing devices, e.g. bells, sirens, whistles G10K, {e.g. methods or devices for transmitting, conducting, or directing sound in general G10K11/00}; generation of electrical oscillations H03B; electromechanical resonators in general H03H; electromechanical transducers {for communication techniques, e.g. microphones, speakers} H04R)"
B07B,"SEPARATING SOLIDS FROM SOLIDS BY SIEVING, SCREENING, SIFTING OR BY USING GAS CURRENTS; SEPARATING BY OTHER DRY METHODS APPLICABLE TO BULK MATERIAL, e.g. LOOSE ARTICLES FIT TO BE HANDLED LIKE BULK MATERIAL (wet separating processes, sorting by processes using fluent material in the same way as liquid B03; combinations of dry separating apparatus with wet separating apparatus B03B; using liquids B03B, B03D; sorting by magnetic or electrostatic separation of solid materials from solid materials or fluids, separation by high voltage electric fields B03C; centrifuges or vortex apparatus for carrying out physical processes B04; hand sorting, postal sorting, sorting by switching or other devices actuated in response to detection or measurement of some feature of articles or samples of material B07C)"
B07C,"POSTAL SORTING; SORTING INDIVIDUAL ARTICLES, OR BULK MATERIAL FIT TO BE SORTED PIECE-MEAL, e.g. BY PICKING (specially adapted for a specific purpose covered by another class, see the relevant place, e.g. A43D33/06, B23Q7/12)"
B08B,CLEANING IN GENERAL; PREVENTION OF FOULING IN GENERAL
B09B,DISPOSAL OF SOLID WASTE NOT OTHERWISE PROVIDED FOR
B09C,"RECLAMATION OF CONTAMINATED SOIL (gatherers for removing stone or the like from the soil A01B43/00; sterilising soil by steam A01G11/00; removing undesirable matter, e.g. rubbish, from the land E01H15/00)"
B21B,"ROLLING OF METAL (auxiliary operations used in connection with metal-working operations covered in B21, see B21C; bending by rolling B21D; manufacture of particular objects, e.g. screws, wheels, rings, barrels, balls, by rolling B21H; pressure welding by means of a rolling mill B23K20/04)"
B21C,"MANUFACTURE OF METAL SHEETS, WIRE, RODS, TUBES, PROFILES OR LIKE SEMI-MANUFACTURED PRODUCTS OTHERWISE THAN BY ROLLING; AUXILIARY OPERATIONS USED IN CONNECTION WITH METAL-WORKING WITHOUT ESSENTIALLY REMOVING MATERIAL"
B21D,"WORKING OR PROCESSING OF SHEET METAL OR METAL TUBES, RODS OR PROFILES WITHOUT ESSENTIALLY REMOVING MATERIAL; PUNCHING METAL (working or processing of wire B21F)"
B21F,"WORKING OR PROCESSING OF METAL WIRE (rolling of metal wire B21B1/16; by drawing, auxiliary operations used in connection with metal-working without essentially removing material B21C)"
B21G,"MAKING NEEDLES, PINS OR NAILS OF METAL"
B21H,"MAKING PARTICULAR METAL OBJECTS BY ROLLING, e.g. SCREWS, WHEELS, RINGS, BARRELS, BALLS (essentially from sheet metal B21D)"
B21J,"FORGING; HAMMERING; PRESSING METAL; RIVETING; FORGE FURNACES (rolling of metal B21B; making particular products by forging or pressing B21K; cladding or plating B23K; finishing surfaces by hammering B23P9/04; compacting surfaces by blasting with particulate material B24C1/10; general features of presses, presses for consolidating scrap B30B; furnaces in general F27)"
B21K,"MAKING FORGED OR PRESSED METAL PRODUCTS, e.g. HORSE-SHOES, RIVETS, BOLTS OR WHEELS (making particular articles by working sheet metal without essentially removing material B21D; processing wire B21F; making pins, needles or nails B21G; making particular articles by rolling B21H; forging machines, pressing machines, hammering machines, in general B21J; making chains B21L; plating B23K)"
B21L,MAKING METAL CHAINS (making chains or chain links by casting B22D25/02; chains in general F16G)
B22C,FOUNDRY MOULDING (moulding refractory materials in general B28B)
B22D,"CASTING OF METALS; CASTING OF OTHER SUBSTANCES BY THE SAME PROCESSES OR DEVICES (shaping of plastics or substances in a plastic state B29C; metallurgical processing, selection of substances to be added to metal C21, C22)"
B22F,WORKING METALLIC POWDER; MANUFACTURE OF ARTICLES FROM METALLIC POWDER; MAKING METALLIC POWDER (making alloys by powder metallurgy C22C); APPARATUS OR DEVICES SPECIALLY ADAPTED FOR METALLIC POWDER
B23B,TURNING; BORING (arrangements for copying or controlling B23Q)
B23C,MILLING (broaching B23D; broach-milling in making gears B23F; arrangement for copying or controlling B23Q)
B23D,"PLANING; SLOTTING; SHEARING; BROACHING; SAWING; FILING; SCRAPING; LIKE OPERATIONS FOR WORKING METAL BY REMOVING MATERIAL, NOT OTHERWISE PROVIDED FOR (making toothed gears or the like B23F; cutting metal by applying heat locally B23K; arrangements for copying or controlling B23Q)"
B23F,"MAKING GEARS OR TOOTHED RACKS (by stamping B21D; by rolling B21H; by forging or pressing B21K; by casting B22; arrangements for copying or controlling B23Q; machines or devices for grinding or polishing, in general B24B)"
B23G,"THREAD CUTTING; WORKING OF SCREWS, BOLT HEADS, OR NUTS, IN CONJUNCTION THEREWITH (making helical grooves by turning B23B5/48, by milling B23C3/32, by forging, pressing, or hammering B21K1/56, by grinding B24B19/02; arrangements for copying or controlling B23Q; thread-forming by corrugating tubes B21D15/04, by rolling B21H3/02)"
B23H,"WORKING OF METAL BY THE ACTION OF A HIGH CONCENTRATION OF ELECTRIC CURRENT ON A WORKPIECE USING AN ELECTRODE WHICH TAKES THE PLACE OF A TOOL; SUCH WORKING COMBINED WITH OTHER FORMS OF WORKING OF METAL (processes for the electrolytic or electrophoretic production of coatings, electroforming, or apparatus therefor C25D; processes for the electrolytic removal of material from objects C25F; manufacturing printed circuits using precipitation techniques to apply the conductive material to form the desired conductive pattern H05K3/18)"
B23K,"SOLDERING OR UNSOLDERING; WELDING; CLADDING OR PLATING BY SOLDERING OR WELDING; CUTTING BY APPLYING HEAT LOCALLY, e.g. FLAME CUTTING; WORKING BY LASER BEAM"
B23P,METAL-WORKING NOT OTHERWISE PROVIDED FOR; COMBINED OPERATIONS; UNIVERSAL MACHINE TOOLS (arrangements for copying or controlling B23Q)
B23Q,"DETAILS, COMPONENTS, OR ACCESSORIES FOR MACHINE TOOLS, e.g. ARRANGEMENTS FOR COPYING OR CONTROLLING (tools of the kind used in lathes or boring machines B23B27/00); MACHINE TOOLS IN GENERAL CHARACTERISED BY THE CONSTRUCTION OF PARTICULAR DETAILS OR COMPONENTS; COMBINATIONS OR ASSOCIATIONS OF METAL-WORKING MACHINES, NOT DIRECTED TO A PARTICULAR RESULT"
B24B,"MACHINES, DEVICES, OR PROCESSES FOR GRINDING OR POLISHING (grinding of gear teeth B23F, of screw-threads B23G1/36; by electro-erosion B23H; abrasive or related blasting B24C; tools for grinding, buffing or sharpening B24D; polishing compositions C09G1/00; abrasives C09K3/14; electrolytic etching or polishing C25F3/00; grinding arrangements for use on assembled railway tracks E01B31/17); DRESSING OR CONDITIONING OF ABRADING SURFACES; FEEDING OF GRINDING, POLISHING, OR LAPPING AGENTS"
B24C,ABRASIVE OR RELATED BLASTING WITH PARTICULATE MATERIAL
B24D,"TOOLS FOR GRINDING, BUFFING OR SHARPENING (abrading-bodies specially designed for tumbling apparatus, e.g. abrading-balls B24B31/14; honing tools B24B33/08; lapping tools B24B37/11)"
B25B,"TOOLS OR BENCH DEVICES NOT OTHERWISE PROVIDED FOR, FOR FASTENING, CONNECTING, DISENGAGING, OR HOLDING"
B25C,HAND-HELD NAILING OR STAPLING TOOLS; MANUALLY OPERATED PORTABLE STAPLING TOOLS (for shoemaking A43D)
B25D,"PERCUSSIVE TOOLS {(percussive machines for forging B21J; hand-held drilling machines, in general B23B45/00, for wood B27C3/08; drilling machines, used for mining or quarrying, with reciprocating tool which is turned intermittently when out of contact with the working face E21B1/00)}"
B25F,COMBINATION OR MULTI-PURPOSE TOOLS NOT OTHERWISE PROVIDED FOR; DETAILS OR COMPONENTS OF PORTABLE POWER-DRIVEN TOOLS NOT PARTICULARLY RELATED TO THE OPERATIONS PERFORMED AND NOT OTHERWISE PROVIDED FOR {(machines or arrangements of machines for performing specified combinations of different metal-working operations not covered by a single other subclass B23P23/00 and subgroups)}
B25G,HANDLES FOR HAND IMPLEMENTS (attaching the blades or the like to handles of hand tools for soil working A01B1/22; handles of hand implements for harvesting A01D1/14; handles integral with brushware A46B)
B25H,"WORKSHOP EQUIPMENT, e.g. FOR MARKING-OUT WORK; STORAGE MEANS FOR WORKSHOPS (storing or packaging B65)"
B25J,"MANIPULATORS; CHAMBERS PROVIDED WITH MANIPULATION DEVICES ({manipulators specially adapted for use in surgery A61B34/70; manipulators used in cleaning hollow articles B08B9/04}; manipulators associated with rolling mills B21B39/20; manipulators associated with forging machines B21J13/10; {manipulators associated with picking-up and placing mechanisms B23P19/007}; means for holding wheels or parts thereof B60B30/00; {vehicles with ground-engaging propulsion means, e.g. walking members B62D57/02, B62D57/032; devices for picking-up and depositing articles or materials between conveyors B65G47/90, B65G47/91; manipulators with gripping or holding means for transferring packages B65H67/065}; cranes B66C; {manipulators used in the protection or supervision of pipe-line installations F17D5/00; walking equipment adapted for nuclear steam-generators F22B37/006}; manipulators specially adapted for, or associated with, nuclear reactors G21C; {apparatus used for handling wafers during manufacture or treatment of semiconductor H10P72/50})"
B26B,"HAND-HELD CUTTING TOOLS NOT OTHERWISE PROVIDED FOR (for harvesting A01D; for horticulture, for forestry A01G; for butchering or meat treatment A22; for manufactering or repairing footwear A43D; nail clippers or cutters A45D29/02; kitchen equipment A47J; {vegetable slicers, julienne cutters and similar devices and holders therefor, B26D3/28}; for surgical purposes A61B; for metal B23D; cutting by abrasive fluid jets B24C5/02; plier-like tools with cutting edges B25B7/22; pincers B25C11/02; handles for hand implements, in general B25G; guillotine-type cutters B26D; {perforating by non-mechanical means, e.g. by fluid jet, B26F1/26}; for erasing B43L19/00; for textile materials D06H)"
B26D,"CUTTING; DETAILS COMMON TO MACHINES FOR PERFORATING, PUNCHING, CUTTING-OUT, STAMPING-OUT OR SEVERING (for growing crops or plants A01D, A01G; for fodder or straw A01F; for bulk butter A01J; for dough A21C; slaughtering A22B; for tobacco, cigars or cigarettes A24; marking-out, perforating or making buttonholes A41H25/00; manufacturing footwear A43D; brushmaking A46D; surgery A61B; disintegrating, mincing or shredding in general B02C; cutting wire, making pins or nails B21F, B21G; of the kind used formetal B23; cutting by abrasive fluid jets B24C5/02; hand-held cutting tools B26B; perforating, cutting-out, stamping-out or punching, or severing by means other than cutting B26F; for wood B27; for stone B28D; working of plastics or substances in a plastic state B29; making boxes, cartons, envelopes or bags, of paper or similarly worked materials, e.g. metal foil, B31B; article or web delivery apparatus incorporating cutting or line-perforating devices B65H35/00; for leather or upholstery B68, C14B; for glass C03B; making matches C06F; for peat C10F; for sugar C13B45/00; for textile materials D06H; civil engineering, building, mining, see Section E; for light guides G02B6/25; cutting processed photographic material G03D15/04)"
B26F,"PERFORATING; PUNCHING; CUTTING-OUT; STAMPING-OUT; SEVERING BY MEANS OTHER THAN CUTTING (marking-out, perforating or making buttonholes A41H25/00; shoemaking A43D; surgery A61B; punching metal B21D; drilling metal B23B; cutting of metal by applying heat locally, e.g. flame cutting, B23K; cutting by abrasive fluid jets B24C5/02; details common to machines for severing B26D; drilling wood B27C; drilling stone B28D; working of plastics or substances in a plastic state B29; making boxes, cartons, envelopes or bags, of paper or similarly worked materials, e.g. metal foil, B31B; of glass C03B; of leather C14B; of textile materials D06H; for light guides G02B6/25; of tickets G07B)"
B27B,"SAWS FOR WOOD OR SIMILAR MATERIAL; COMPONENTS OR ACCESSORIES THEREFOR (saws specially adapted for pruning or debranching A01G3/08; sawing apparatus specially adapted for felling trees A01G23/091; features not restricted to a particular type of wood saw B23D, e.g. attaching saw blades B23D51/00; machine tool frames, beds, pillars or like members, in general B23Q1/01)"
B27C,"PLANING, DRILLING, MILLING, TURNING OR UNIVERSAL MACHINES FOR WOOD OR SIMILAR MATERIAL (machine tools in general B23; working wood using abrasive, e.g. sanding, devices B24; tools for these purposes B27G)"
B27D,"WORKING VENEER OR PLYWOOD (applying liquids or other fluent materials to surface in general B05; grinding, sanding, or polishing of wood B24; applying adhesives or glue to surfaces of wood B27G11/00; manufacture of veneer B27L5/00)"
B27F,"DOVETAILED WORK; TENONS; SLOTTING MACHINES FOR WOOD OR SIMILAR MATERIAL; NAILING OR STAPLING MACHINES (hand-held nailing or stapling tools B25C; manufacture of cases, trunks or boxes from wood B27M3/34; connections for building structures in general, e.g. dowels for use in building constructions E04B1/38; jointing elements in general, e.g. dowels in general, F16B {; manufacture of long strips or planks by bonding together pieces of wood, e.g. by glueing, B27M3/0013})"
B27G,"ACCESSORY MACHINES OR APPARATUS FOR WORKING WOOD OR SIMILAR MATERIALS; TOOLS FOR WORKING WOOD OR SIMILAR MATERIALS (tools for grinding B24D; sawing tools B27B33/00; tools for slotting or mortising machines B27F5/02; tools for the manufacture of wood shavings, chips, powder or the like B27L11/00); SAFETY DEVICES FOR WOOD WORKING MACHINES OR TOOLS"
B27H,BENDING WOOD OR SIMILAR MATERIAL; COOPERAGE; MAKING WHEELS FROM WOOD OR SIMILAR MATERIAL
B27J,"MECHANICAL WORKING OF CANE, CORK, OR SIMILAR MATERIALS"
B27K,"PROCESSES, APPARATUS OR SELECTION OF SUBSTANCES FOR IMPREGNATING, STAINING, DYEING, BLEACHING OF WOOD OR SIMILAR MATERIALS, OR TREATING OF WOOD OR SIMILAR MATERIALS WITH PERMEANT LIQUIDS, NOT OTHERWISE PROVIDED FOR (applying liquids or other fluent materials to surfaces in general B05; coating wood or similar material B44D); CHEMICAL OR PHYSICAL TREATMENT OF CORK, CANE, REED, STRAW OR SIMILAR MATERIALS"
B27L,"REMOVING BARK OR VESTIGES OF BRANCHES (forestry A01G); SPLITTING WOOD; MANUFACTURE OF VENEER, WOODEN STICKS, WOOD SHAVINGS, WOOD FIBRES OR WOOD POWDER"
B27M,WORKING OF WOOD NOT PROVIDED FOR IN SUBCLASSES B27B - B27L; MANUFACTURE OF SPECIFIC WOODEN ARTICLES
B27N,"MANUFACTURE BY DRY PROCESSES OF ARTICLES, WITH OR WITHOUT ORGANIC BINDING AGENTS, MADE FROM PARTICLES OR FIBRES CONSISTING OF WOOD OR OTHER LIGNOCELLULOSIC OR LIKE ORGANIC MATERIAL (containing cementitious material B28B; shaping of substances in a plastic state B29C; fibreboards made from fibrous suspensions D21J; drying F26B17/00)"
B28B,"SHAPING CLAY OR OTHER CERAMIC COMPOSITIONS; SHAPING SLAG; SHAPING MIXTURES CONTAINING CEMENTITIOUS MATERIAL, e.g. PLASTER (foundry moulding B22C; working stone or stone-like material B28D; shaping of substances in a plastic state, in general B29C; making layered products not composed wholly of these substances B32B)"
B28C,"PREPARING CLAY; PRODUCING MIXTURES CONTAINING CLAY OR CEMENTITIOUS MATERIAL, e.g. PLASTER (preparing material for foundry moulds B22C5/00)"
B28D,WORKING STONE OR STONE-LIKE MATERIALS
B29B,PREPARATION OR PRETREATMENT OF THE MATERIAL TO BE SHAPED; MAKING GRANULES OR PREFORMS; RECOVERY OF PLASTICS OR OTHER CONSTITUENTS OF WASTE MATERIAL CONTAINING PLASTICS
B29C,"SHAPING OR JOINING OF PLASTICS; SHAPING OF MATERIAL IN A PLASTIC STATE, NOT OTHERWISE PROVIDED FOR; AFTER-TREATMENT OF THE SHAPED PRODUCTS, e.g. REPAIRING (making preforms B29B11/00; making laminated products by combining previously unconnected layers which become one product whose layers will remain together B32B37/00 - B32B41/00)"
B29D,PRODUCING PARTICULAR ARTICLES FROM PLASTICS OR FROM SUBSTANCES IN A PLASTIC STATE (making granules B29B9/00; making preforms B29B11/00)
B29K,"INDEXING SCHEME ASSOCIATED WITH SUBCLASSES B29B, B29C OR B29D, RELATING TO MOULDING MATERIALS OR TO MATERIALS FOR {MOULDS, } REINFORCEMENTS, FILLERS OR PREFORMED PARTS, e.g. INSERTS"
B29L,"INDEXING SCHEME ASSOCIATED WITH SUBCLASS B29C, RELATING TO PARTICULAR ARTICLES"
B30B,"PRESSES IN GENERAL (producing ultra-high pressure or ultra-high pressure and high temperature to effect modifications of a substance, e.g. for making artificial diamonds B01J3/00 ){(compressing means for refuse receptacles B65F1/1405)}"
B31B,"MAKING CONTAINERS OF PAPER, CARDBOARD OR MATERIAL WORKED IN A MANNER ANALOGOUS TO PAPER (making wound articles, e.g. wound tubes, B31C; combined making and filling B65B)"
B31C,"MAKING WOUND ARTICLES, e.g. WOUND TUBES, OF PAPER, CARDBOARD OR MATERIAL WORKED IN A MANNER ANALOGOUS TO PAPER"
B31D,"MAKING ARTICLES OF PAPER, CARDBOARD OR MATERIAL WORKED IN A MANNER ANALOGOUS TO PAPER, NOT PROVIDED FOR IN SUBCLASSES B31B OR B31C (manufacture by dry processes of articles made from particles or fibres consisting of wood or other lignocellulosic or like organic material B27N; making layered products not composed wholly of paper or cardboard B32B; making articles from cellulosic fibrous suspensions, e.g. wood pulp, D21J)"
B31F,"MECHANICAL WORKING OR DEFORMATION OF PAPER, CARDBOARD OR MATERIAL WORKED IN A MANNER ANALOGOUS TO PAPER (making layered products not composed wholly of paper or cardboard B32B)"
B32B,"LAYERED PRODUCTS, i.e. PRODUCTS BUILT-UP OF STRATA OF FLAT OR NON-FLAT, e.g. CELLULAR OR HONEYCOMB, FORM"
B33Y,"ADDITIVE MANUFACTURING, i.e. MANUFACTURING OF THREE-DIMENSIONAL [3D] OBJECTS BY ADDITIVE DEPOSITION, ADDITIVE AGGLOMERATION OR ADDITIVE LAYERING, e.g. BY 3D PRINTING, STEREOLITHOGRAPHY OR SELECTIVE LASER SINTERING"
B41B,"MACHINES OR ACCESSORIES FOR MAKING, SETTING, OR DISTRIBUTING TYPE; TYPE; PHOTOGRAPHIC OR PHOTOELECTRIC COMPOSING DEVICES (photographic devices in general G03)"
B41C,PROCESSES FOR THE MANUFACTURE OR REPRODUCTION OF PRINTING SURFACES (photomechanical processes for producing printing surfaces G03F; photoelectrical processes for producing printing surfaces G03G)
B41D,"APPARATUS FOR THE MECHANICAL REPRODUCTION OF PRINTING SURFACES FOR STEREOTYPE PRINTING; SHAPING ELASTIC OR DEFORMABLE MATERIAL TO FORM PRINTING SURFACES ({engraving by spark erosion B23H;} marking or engraving metal by the action of a high concentration of electric current B23H9/06; type, machines or accessories for making, setting, or distributing type B41B; processes for the manufacture or reproduction of printing surfaces B41C; machines or apparatus for engraving in general, or for embossing B44B3/00, B44B5/00; chemical etching of metal C23F1/00; electrolytic etching C25F3/00; photomechanical reprodcution G03F)"
B41F,PRINTING MACHINES OR PRESSES (manifolding devices or office printing machines B41L)
B41G,"APPARATUS FOR BRONZE PRINTING, LINE PRINTING, OR FOR BORDERING OR EDGING SHEETS OR LIKE ARTICLES; AUXILIARY FOR PERFORATING IN CONJUNCTION WITH PRINTING (perforating in general B26D; production of decorations B44C; perforating in conjunction with sheet or web delivery B65H35/00; folding or unfolding thin material, e.g. sheets, webs, B65H45/00, B65H47/00)"
B41J,"TYPEWRITERS; SELECTIVE PRINTING MECHANISMS, i.e. MECHANISMS PRINTING OTHERWISE THAN FROM A FORME; CORRECTION OF TYPOGRAPHICAL ERRORS"
B41K,"STAMPS; STAMPING OR NUMBERING APPARATUS OR DEVICES (marking meat A22C17/10; embossing combined with printing B41F19/00; selective printing mechanisms B41J; embossing decorations or marks B44B5/00; marking or coding completed packages B65B61/26; ticket printing and issuing, fare registering, nonprinting aspects of franking apparatus G07B)"
B41L,"APPARATUS OR DEVICES FOR MANIFOLDING, DUPLICATING OR PRINTING FOR OFFICE OR OTHER COMMERCIAL PURPOSES; ADDRESSING MACHINES OR LIKE SERIES-PRINTING MACHINES (printing presses or machines for industrial purposes B41F; stamps, stamping or numbering devices B41K)"
B41M,"PRINTING, DUPLICATING, MARKING, OR COPYING PROCESSES; COLOUR PRINTING, (correction of typographical errors B41J; processes for applying transfer pictures or the like B44C1/16; fluid media for correction of typographical errors by coating C09D10/00; printing textiles D06P)"
B41N,"PRINTING PLATES OR FOILS (photosensitive material G03); MATERIALS FOR SURFACES USED IN PRINTING MACHINES FOR PRINTING, INKING, DAMPING, OR THE LIKE; PREPARING SUCH SURFACES FOR USE AND CONSERVING THEM"
B41P,"INDEXING SCHEME RELATING TO PRINTING, LINING MACHINES, TYPEWRITERS, AND TO STAMPS"
B42B,"PERMANENTLY ATTACHING TOGETHER SHEETS, QUIRES OR SIGNATURES OR PERMANENTLY ATTACHING OBJECTS THERETO (nailing or stapling in general B25C, B27F; machines for both collating or gathering and permanently attaching together sheets or signatures B42C1/12; temporarily attaching sheets together B42F)"
B42C,"BOOKBINDING (cutting or perforating machines, devices or tools B26; folding sheets or webs B31F; ornamenting books B44)"
B42D,BOOKS; BOOK COVERS; LOOSE LEAVES; PRINTED MATTER CHARACTERISED BY IDENTIFICATION OR SECURITY FEATURES; PRINTED MATTER OF SPECIAL FORMAT OR STYLE NOT OTHERWISE PROVIDED FOR; DEVICES FOR USE THEREWITH AND NOT OTHERWISE PROVIDED FOR; MOVABLE-STRIP WRITING OR READING APPARATUS
B42F,SHEETS TEMPORARILY ATTACHED TOGETHER; FILING APPLIANCES; FILE CARDS; INDEXING (reading desks A47B19/00; book rests A47B23/00)
B43K,"IMPLEMENTS FOR WRITING OR DRAWING (containers, casings or accessories for cosmetic substances, e.g. shaving soap, lipstick, make-up A45D34/00, A45D40/00)"
B43L,ARTICLES FOR WRITING OR DRAWING UPON; {WRITING OR DRAWING AIDS;} ACCESSORIES FOR WRITING OR DRAWING (workshop equipment for marking-out work B25H7/00; teaching hand-writing or drawing G09B11/00)
B43M,BUREAU ACCESSORIES NOT OTHERWISE PROVIDED FOR (stapling devices B25C5/00; devices for temporarily attaching sheets together B42F)
B44B,"MACHINES, APPARATUS OR TOOLS FOR ARTISTIC WORK, e.g. FOR SCULPTURING, GUILLOCHING, CARVING, BRANDING, INLAYING (processes for producing decorative effects B44C; embossing leather C14B)"
B44C,"PRODUCING DECORATIVE EFFECTS (processes for applying liquids or other fluent materials to surfaces, in general B05D; shaping of plastics or substances in a plastic state B29C; printing processes to produce transfer pictures B41M3/12; thermographic duplication or marking methods B41M5/00); MOSAICS; TARSIA WORK (imitation of mosaic or tarsia work patterns B44F11/04); PAPERHANGING {(labels G09F; multi-step processes for making paper labels or tags B31D1/02)}"
B44D,"PAINTING OR ARTISTIC DRAWING, NOT OTHERWISE PROVIDED FOR; PRESERVING PAINTINGS; SURFACE TREATMENT TO OBTAIN SPECIAL ARTISTIC SURFACE EFFECTS OR FINISHES (surface treatment in general, see the relevant places, e.g. applying liquids or other fluent materials B05)"
B44F,SPECIAL DESIGNS OR PICTURES
B60B,"VEHICLE WHEELS (making wheels or wheel parts by rolling B21H1/00, by forging, hammering or pressing B21K1/28); CASTORS; AXLES FOR WHEELS OR CASTORS; INCREASING WHEEL ADHESION"
B60C,VEHICLE TYRES; TYRE INFLATION; TYRE CHANGING; CONNECTING VALVES TO INFLATABLE ELASTIC BODIES IN GENERAL; DEVICES OR ARRANGEMENTS RELATED TO TYRES
B60D,VEHICLE CONNECTIONS
B60F,"VEHICLES FOR USE BOTH ON RAIL AND ON ROAD; VEHICLES CAPABLE OF TRAVELLING IN OR ON DIFFERENT MEDIA, e.g. AMPHIBIOUS VEHICLES (air-cushion vehicles B60V)"
B60G,VEHICLE SUSPENSION ARRANGEMENTS (air-cushion vehicles B60V; {cycle suspensions B62K25/00})
B60H,"ARRANGEMENTS OF HEATING, COOLING, VENTILATING OR OTHER AIR-TREATING DEVICES SPECIALLY ADAPTED FOR PASSENGER OR GOODS SPACES OF VEHICLES"
B60J,"WINDOWS, WINDSCREENS, NON-FIXED ROOFS, DOORS, OR SIMILAR DEVICES FOR VEHICLES; REMOVABLE EXTERNAL PROTECTIVE COVERINGS SPECIALLY ADAPTED FOR VEHICLES (fastening, suspending, closing, or opening of such devices E05)"
B60K,"ARRANGEMENT OR MOUNTING OF PROPULSION UNITS OR OF TRANSMISSIONS IN VEHICLES; ARRANGEMENT OR MOUNTING OF PLURAL DIVERSE PRIME-MOVERS IN VEHICLES; AUXILIARY DRIVES FOR VEHICLES; INSTRUMENTATION OR DASHBOARDS FOR VEHICLES; ARRANGEMENTS IN CONNECTION WITH COOLING, AIR INTAKE, GAS EXHAUST OR FUEL SUPPLY OF PROPULSION UNITS IN VEHICLES"
B60L,"PROPULSION OF ELECTRICALLY-PROPELLED VEHICLES (arrangements or mounting of electrical propulsion units or of plural diverse prime-movers for mutual or common propulsion in vehicles B60K1/00, B60K6/20; arrangements or mounting of electrical gearing in vehicles B60K17/12, B60K17/14; preventing wheel slip by reducing power in rail vehicles B61C15/08; dynamo-electric machines H02K; control or regulation of electric motors H02P); SUPPLYING ELECTRIC POWER FOR AUXILIARY EQUIPMENT OF ELECTRICALLY-PROPELLED VEHICLES (electric coupling devices combined with mechanical couplings of vehicles B60D1/64; electric heating for vehicles B60H1/00); ELECTRODYNAMIC BRAKE SYSTEMS FOR VEHICLES IN GENERAL (control or regulation of electric motors H02P); MAGNETIC SUSPENSION OR LEVITATION FOR VEHICLES; MONITORING OPERATING VARIABLES OF ELECTRICALLY-PROPELLED VEHICLES; ELECTRIC SAFETY DEVICES FOR ELECTRICALLY-PROPELLED VEHICLES"
B60M,"POWER SUPPLY LINES, AND DEVICES ALONG RAILS, FOR ELECTRICALLY- PROPELLED VEHICLES (control of points and safety arrangements along railway lines B61L; construction of rails and points in general E01B)"
B60N,SEATS SPECIALLY ADAPTED FOR VEHICLES; VEHICLE PASSENGER ACCOMMODATION NOT OTHERWISE PROVIDED FOR
B60P,"VEHICLES ADAPTED FOR LOAD TRANSPORTATION OR TO TRANSPORT, TO CARRY, OR TO COMPRISE SPECIAL LOADS OR OBJECTS (vehicles with special provisions for transporting patients or disabled persons, or their personal conveyances A61G3/00)"
B60Q,"ARRANGEMENT OF SIGNALLING OR LIGHTING DEVICES, THE MOUNTING OR SUPPORTING THEREOF OR CIRCUITS THEREFOR, FOR VEHICLES IN GENERAL"
B60R,"VEHICLES, VEHICLE FITTINGS, OR VEHICLE PARTS, NOT OTHERWISE PROVIDED FOR"
B60S,"SERVICING, CLEANING, REPAIRING, SUPPORTING, LIFTING, OR MANOEUVRING OF VEHICLES, NOT OTHERWISE PROVIDED FOR"
B60T,"VEHICLE BRAKE CONTROL SYSTEMS OR PARTS THEREOF; BRAKE CONTROL SYSTEMS OR PARTS THEREOF, IN GENERAL (electrodynamic brake systems for vehicle, in general B60L; brakes per se, i.e. devices where braking effect occurs, including ultimate brake actuators, F16D); ARRANGEMENT OF BRAKING ELEMENTS ON VEHICLES IN GENERAL; PORTABLE DEVICES FOR PREVENTING UNWANTED MOVEMENT OF VEHICLES; VEHICLE MODIFICATIONS TO FACILITATE COOLING OF BRAKES"
B60V,AIR-CUSHION VEHICLES
B60W,CONJOINT CONTROL OF VEHICLE SUB-UNITS OF DIFFERENT TYPE OR DIFFERENT FUNCTION; CONTROL SYSTEMS SPECIALLY ADAPTED FOR HYBRID VEHICLES; ROAD VEHICLE DRIVE CONTROL SYSTEMS FOR PURPOSES NOT RELATED TO THE CONTROL OF A PARTICULAR SUB-UNIT
B60Y,INDEXING SCHEME RELATING TO ASPECTS CROSS-CUTTING VEHICLE TECHNOLOGY
B61B,"RAILWAY SYSTEMS; EQUIPMENT THEREFOR NOT OTHERWISE PROVIDED FOR (lifts or hoists, elevators, escalators, moving walkways B66B)"
B61C,"LOCOMOTIVES; MOTOR RAILCARS (vehicles in general B60; frames or bogies B61F; special railroad equipment for locomotives B61J, B61K)"
B61D,BODY DETAILS OR KINDS OF RAILWAY VEHICLES (vehicles in general B60; adaptation of vehicles to special systems B61B; underframes B61F)
B61F,"RAIL VEHICLE SUSPENSIONS, e.g. UNDERFRAMES, BOGIES OR ARRANGEMENTS OF WHEEL AXLES; RAIL VEHICLES FOR USE ON TRACKS OF DIFFERENT WIDTH; PREVENTING DERAILING OF RAIL VEHICLES; WHEEL GUARDS, OBSTRUCTION REMOVERS OR THE LIKE FOR RAIL VEHICLES (for vehicles in general B60; axles or wheels B60B; vehicle tyres B60C)"
B61G,COUPLINGS; DRAUGHT AND BUFFING APPLIANCES (vehicle connections in general B60D)
B61H,"BRAKES OR OTHER RETARDING DEVICES SPECIALLY ADAPTED FOR RAIL VEHICLES; ARRANGEMENT OR DISPOSITION THEREOF IN RAIL VEHICLES (arrangements in rail vehicles for adjusting wheel-braking force to meet varying vehicular or permanent-way conditions B60T8/00; transmitting braking action from initiating means to ultimate brake actuator with power assistance or drive, brake systems incorporating such transmitting means, e.g. air-pressure brake systems, B60T13/00; construction, arrangement or operation of valves incorporated in power brake systems B60T15/00; component parts, details or accessories of brake systems B60T17/00)"
B61J,SHIFTING OR SHUNTING OF RAIL VEHICLES (shifting vehicles in general B60S; marshalling systems B61B)
B61K,"AUXILIARY EQUIPMENT SPECIALLY ADAPTED FOR RAILWAYS, NOT OTHERWISE PROVIDED FOR"
B61L,"GUIDING RAILWAY TRAFFIC; ENSURING THE SAFETY OF RAILWAY TRAFFIC (brakes or auxiliary equipment B61H, B61K; point or crossing construction E01B)"
B62B,"HAND-PROPELLED VEHICLES, e.g. HAND CARTS OR PERAMBULATORS; SLEDGES (characterised by animal propulsion B62C; propulsion of sledges by driver or engine B62M)"
B62C,VEHICLES DRAWN BY ANIMALS
B62D,"MOTOR VEHICLES; TRAILERS (steering, or guiding on a desired track, of agricultural machines or implements A01B69/00; wheels, castors, axles, increasing wheel adhesion B60B; vehicle tyres, tyre inflation or tyre changing B60C; connections between vehicles of a train or the like B60D; vehicles for use on rail and road, amphibious or convertible vehicles B60F; suspension arrangements B60G; heating, cooling, ventilating or other air treating devices B60H; windows, windscreens, non-fixed roofs, doors or similar devices, protective coverings for vehicles not in use B60J; propulsion plant arrangements, auxiliary drives, transmissions, controls, instrumentation or dashboards B60K; electric equipment or propulsion of electrically-propelled vehicles B60L; power supply for electrically-propelled vehicles B60M; passenger accommodation not otherwise provided for B60N; adaptations for load transportation or to carry special loads or objects B60P; arrangement of signalling or lighting devices, the mounting or supporting thereof or circuits therefor, for vehicles in general B60Q; vehicles, vehicle fittings or vehicle parts not otherwise provided for B60R; servicing, cleaning, repairing, supporting, lifting, or manoeuvring, not otherwise provided for, B60S; brake arrangements, brake control systems or parts thereof B60T; air-cushion vehicles B60V; motor-cycles, accessories therefor B62J, B62K; testing of vehicles G01M)"
B62H,CYCLE STANDS; SUPPORTS OR HOLDERS FOR PARKING OR STORING CYCLES; APPLIANCES PREVENTING OR INDICATING UNAUTHORIZED USE OR THEFT OF CYCLES; LOCKS INTEGRAL WITH CYCLES; DEVICES FOR LEARNING TO RIDE CYCLES
B62J,"CYCLE SADDLES OR SEATS; AUXILIARY DEVICES OR ACCESSORIES SPECIALLY ADAPTED TO CYCLES AND NOT OTHERWISE PROVIDED FOR, e.g. ARTICLE CARRIERS OR CYCLE PROTECTORS"
B62K,"CYCLES; CYCLE FRAMES; CYCLE STEERING DEVICES; RIDER-OPERATED TERMINAL CONTROLS SPECIALLY ADAPTED FOR CYCLES; CYCLE AXLE SUSPENSIONS; CYCLE SIDECARS, FORECARS, OR THE LIKE"
B62L,BRAKES SPECIALLY ADAPTED FOR CYCLES {(arrangements in cycles for adjusting wheel-braking force to meet varying vehicular or ground-surface conditions B60T8/00)}
B62M,RIDER PROPULSION OF WHEELED VEHICLES OR SLEDGES; POWERED PROPULSION OF SLEDGES OR {SINGLE-TRACK} CYCLES; TRANSMISSIONS SPECIALLY ADAPTED FOR SUCH VEHICLES (arrangements or mounting of transmissions in vehicles in general B60K; transmission elements per se F16)
B63B,"SHIPS OR OTHER WATERBORNE VESSELS; EQUIPMENT FOR SHIPPING (arrangements of vessel ventilation, heating, cooling, or air-conditioning B63J2/00; floating substructures as supports of dredgers or soil-shifting machines E02F9/06)"
B63C,"LAUNCHING, HAULING-OUT, OR DRY-DOCKING OF VESSELS; LIFE-SAVING IN WATER; EQUIPMENT FOR DWELLING OR WORKING UNDER WATER; MEANS FOR SALVAGING OR SEARCHING FOR UNDERWATER OBJECTS (floating nets, floating slipways, or the like for recovering aircraft from the water B63B35/52)"
B63G,"OFFENSIVE OR DEFENSIVE ARRANGEMENTS ON VESSELS; MINE-LAYING; MINE-SWEEPING; SUBMARINES; AIRCRAFT CARRIERS (means of attack or defence in general, e.g. turrets F41H)"
B63H,"MARINE PROPULSION OR STEERING (propulsion of air-cushion vehicles B60V1/14; specially adapted for submarines, other than nuclear propulsion, B63G; specially adapted for torpedoes F42B19/00)"
B63J,AUXILIARIES ON VESSELS
B64B,LIGHTER-THAN AIR AIRCRAFT
B64C,AEROPLANES; HELICOPTERS
B64D,EQUIPMENT FOR FITTING IN OR TO AIRCRAFT; FLIGHT SUITS; PARACHUTES; ARRANGEMENT OR MOUNTING OF POWER PLANTS OR PROPULSION TRANSMISSIONS IN AIRCRAFT
B64F,"GROUND OR AIRCRAFT-CARRIER-DECK INSTALLATIONS SPECIALLY ADAPTED FOR USE IN CONNECTION WITH AIRCRAFT; DESIGNING, MANUFACTURING, ASSEMBLING, CLEANING, MAINTAINING OR REPAIRING AIRCRAFT, NOT OTHERWISE PROVIDED FOR; HANDLING, TRANSPORTING, TESTING OR INSPECTING AIRCRAFT COMPONENTS, NOT OTHERWISE PROVIDED FOR"
B64G,COSMONAUTICS; VEHICLES OR EQUIPMENT THEREFOR
B64U,UNMANNED AERIAL VEHICLES [UAV]; EQUIPMENT THEREFOR
B65B,"MACHINES, APPARATUS OR DEVICES FOR, OR METHODS OF, PACKAGING ARTICLES OR MATERIALS; UNPACKING (bundling and pressing devices for cigars A24C1/44; devices for tensioning and securing binders adapted to be supported by the article or articles to be bound B25B25/00; applying closure members to bottles, jars or similar containers B67B1/00-B67B6/00; concurrent cleaning, filling and closing of bottles B67C7/00; emptying bottles, jars, cans, casks, barrels or similar containers B67C9/00)"
B65C,"LABELLING OR TAGGING MACHINES, APPARATUS, OR PROCESSES (nailing or stapling in general B25C, B27F; applying labels for packaging purposes B65B; labels, name-plates G09F ){(series-printing machines B41L; containers for the storage or transport of packages B65D)}"
B65D,"CONTAINERS FOR STORAGE OR TRANSPORT OF ARTICLES OR MATERIALS, e.g. BAGS, BARRELS, BOTTLES, BOXES, CANS, CARTONS, CRATES, DRUMS, JARS, TANKS, HOPPERS, FORWARDING CONTAINERS; ACCESSORIES, CLOSURES, OR FITTINGS THEREFOR; PACKAGING ELEMENTS; PACKAGES"
B65F,"GATHERING OR REMOVAL OF DOMESTIC OR LIKE REFUSE (disinfecting refuse A61L; refuse disintegrators B02C; sorting refuse B03B; B07B; handcarts for transporting refuse receptacles B62B; sack holders B65B67/00; converting refuse into fertilisers C05F; converting refuse into solid fuels C10L; sewers, cesspools E03F; arrangements in buildings for the disposal of refuse E04F17/10; refuse-consuming furnaces F23G; {for surgical articles A61B50/36})"
B65G,"TRANSPORT OR STORAGE DEVICES, e.g. CONVEYORS FOR LOADING OR TIPPING, SHOP CONVEYOR SYSTEMS OR PNEUMATIC TUBE CONVEYORS (packaging B65B; handling thin or filamentary materials, e.g. paper sheets or thread, B65H; cranes B66C; portable mobile or lifting or hauling appliances, e.g. hoists, B66D; devices for lifting or lowering goods for loading or unloading purposes, e.g. fork-lift trucks, B66F9/00; emptying bottles, jars, casks, barrels or similar containers, not otherwise provided for, B67C9/00; delivering or transferring liquids B67D; filling or discharging vessels for liquefied, solidified or compressed gases F17C; pipe-line systems for fluids F17D)"
B65H,"HANDLING THIN OR FILAMENTARY MATERIAL, e.g. SHEETS, WEBS, CABLES"
B66B,"ELEVATORS; ESCALATORS OR MOVING WALKWAYS ({apparatus for raising or lowering persons on theatrical stages or the like A63J5/12} ; funicular railbound systems with rigid ground-supported tracks and cable traction, e.g. cliff railways, B61B9/00; arrangements of ammunition handlers in vessels B63G3/00; hoists, lifts, or conveyors for loading or unloading in general B65G; braking or detent devices controlling normal movements of winding drums or barrels B66D; ship-lifting devices E02C; garages for many vehicles with mechanical means for lifting vehicles E04H6/12; hoists for feeding ammunition or projectiles to launching apparatus or to loading mechanisms F41A9/00)"
B66C,"CRANES; LOAD-ENGAGING ELEMENTS OR DEVICES FOR CRANES, CAPSTANS, WINCHES, OR TACKLES ({specially adapted for lifting invalids A61G7/10;} rope, cable, or chain winding mechanisms, braking or detent devices therefor B66D; specially adapted for nuclear reactors G21)"
B66D,"CAPSTANS; WINCHES; TACKLES, e.g. PULLEY BLOCKS; HOISTS (winding or unwinding ropes or cables for feeding or storage purposes B65H; rope or cable winding or unwinding mechanisms for lifts B66B)"
B66F,"HOISTING, LIFTING, HAULING OR PUSHING, NOT OTHERWISE PROVIDED FOR, e.g. DEVICES WHICH APPLY A LIFTING OR PUSHING FORCE DIRECTLY TO THE SURFACE OF A LOAD ({invalid lifting devices A61G7/10; } mounting artificial islands on piles or like supports E02B17/00; scaffolding combined with lifting devices E04G1/22; lifting devices for sliding forms E04G11/24; lifting of buildings E04G23/06; shores or struts E04G25/00; lifts or other hoisting devices on ladders E06C7/12; props for mining E21D15/00)"
B67B,"APPLYING CLOSURE MEMBERS TO BOTTLES JARS, OR SIMILAR CONTAINERS; OPENING CLOSED CONTAINERS (opening or closing devices attached to, or incorporated in, containers or container closures B65D)"
B67C,"CLEANING, FILLING WITH LIQUIDS OR SEMILIQUIDS, OR EMPTYING, OF BOTTLES, JARS, CANS, CASKS, BARRELS, OR SIMILAR CONTAINERS, NOT OTHERWISE PROVIDED FOR; FUNNELS"
B67D,"DISPENSING, DELIVERING OR TRANSFERRING LIQUIDS, NOT OTHERWISE PROVIDED FOR (cleaning pipes or tubes or systems of pipes or tubes B08B9/02; emptying or filling of bottles, jars, cans, casks, barrels, or similar containers, not otherwise provided for B67C; water supply E03; pipe systems F17D; domestic hot-water supply systems F24D; measuring volume, volume flow, mass flow or liquid level, metering by volume G01F; coin-freed or like apparatus G07F)"
B68B,HARNESS; DEVICES USED IN CONNECTION THEREWITH; WHIPS OR THE LIKE
B68C,SADDLES; STIRRUPS
B68F,"MAKING ARTICLES FROM LEATHER, CANVAS, OR THE LIKE"
B68G,"METHODS, EQUIPMENT, OR MACHINES FOR USE IN UPHOLSTERING; UPHOLSTERY NOT OTHERWISE PROVIDED FOR"
B81B,"MICROSTRUCTURAL DEVICES OR SYSTEMS, e.g. MICROMECHANICAL DEVICES (piezoelectric, electrostrictive or magnetostrictive elements per se H10N30/00, H10N35/00)"
B81C,"PROCESSES OR APPARATUS SPECIALLY ADAPTED FOR THE MANUFACTURE OR TREATMENT OF MICROSTRUCTURAL DEVICES OR SYSTEMS (making microcapsules or microballoons B01J13/02; processes or apparatus specially adapted for the manufacture or treatment of piezoelectric, electrostrictive or magnetostrictive elements per se H10N30/01)"
B82B,"NANOSTRUCTURES FORMED BY MANIPULATION OF INDIVIDUAL ATOMS, MOLECULES, OR LIMITED COLLECTIONS OF ATOMS OR MOLECULES AS DISCRETE UNITS; MANUFACTURE OR TREATMENT THEREOF"
B82Y,SPECIFIC USES OR APPLICATIONS OF NANOSTRUCTURES; MEASUREMENT OR ANALYSIS OF NANOSTRUCTURES; MANUFACTURE OR TREATMENT OF NANOSTRUCTURES
C01B,NON-METALLIC ELEMENTS; COMPOUNDS THEREOF; {METALLOIDS OR COMPOUNDS THEREOF NOT COVERED BY SUBCLASS C01C}
C01C,"AMMONIA; CYANOGEN; COMPOUNDS THEREOF ({metal hydrides, monoborane, diborane or addition complexes thereof C01B6/00}; salts of oxyacids of halogens C01B11/00; peroxides, salts of peroxyacids C01B15/00; thiosulfates, dithionites, polythionates C01B17/64; compounds containing selenium or tellurium C01B19/00; azides C01B21/08; {compounds other than ammonia or cyanogen, containing nitrogen, non-metals and optionally metals C01B21/082}; metal imides or amides C01B21/092; nitrites C01B21/50; {compounds of noble gases C01B23/0005}; phosphides C01B25/08; salts of oxyacids of phosphorus C01B25/16; compounds containing silicon C01B33/00; compounds containing boron C01B35/00)"
C01D,"COMPOUNDS OF ALKALI METALS, i.e. LITHIUM, SODIUM, POTASSIUM, RUBIDIUM, CAESIUM, OR FRANCIUM (metal hydrides {monoborane, diborane or addition complexes thereof} C01B6/00; salts of oxyacids of halogens C01B11/00; peroxides, salts of peroxyacids C01B15/00; sulfides C01B17/22; thiosulfates, dithionites, polythionates C01B17/64; compounds containing selenium or tellurium C01B19/00; binary compounds of nitrogen with metals C01B21/06; azides C01B21/08; {compounds other than ammonia and cyanogen, containing nitrogen and other non-metals C01B21/082}; metal amides C01B21/092; nitrites C01B21/50; phosphides C01B21/50; {compounds of noble gases C01B23/0005}; phosphides C01B25/08; salts of oxyacids of phosphorus C01B25/16; carbides C01B32/90; compounds containing silicon C01B33/00; compounds containing boron C01B35/00; cyanides C01C3/08; salts of cyanic acid C01C3/14; salts of cyanamide C01C3/16; thiocyanates C01C3/20)"
C01F,"COMPOUNDS OF THE METALS BERYLLIUM, MAGNESIUM, ALUMINIUM, CALCIUM, STRONTIUM, BARIUM, RADIUM, THORIUM, OR OF THE RARE-EARTH METALS (metal hydrides {monoborane, diborane or addition complexes thereof} C01B6/00; salts of oxyacids of halogens C01B11/00; peroxides, salts of peroxyacids C01B15/00; sulfides or polysulfides of magnesium, calcium, strontium, or barium C01B17/42; thiosulfates, dithionites, polythionates C01B17/64; compounds containing selenium or tellurium C01B19/00; binary compounds of nitrogen with metals C01B21/06; azides C01B21/08; {compounds other than ammonia or cyanogen containing nitrogen and non-metals and optionally metals C01B21/082; amides or imides of silicon C01B21/087}; metal {imides or} amides C01B21/092, {C01B21/0923}; nitrites C01B21/50; {compounds of noble gases C01B23/0005}; phosphides C01B25/08; salts of oxyacids of phosphorus C01B25/16; carbides C01B32/90; compounds containing silicon C01B33/00; compounds containing boron C01B35/00; compounds having molecular sieve properties but not having base-exchange properties C01B37/00; compounds having molecular sieve and base-exchange properties, e.g. crystalline zeolites, C01B39/00; cyanides C01C3/08; salts of cyanic acid C01C3/14; salts of cyanamide C01C3/16; thiocyanates C01C3/20; {double sulfates of magnesium with sodium or potassium C01D5/12; with other alkali metals C01D15/00, C01D17/00})"
C01G,"COMPOUNDS CONTAINING METALS NOT COVERED BY SUBCLASSES C01D OR C01F (metal hydrides {monoborane, diborane or addition complexes thereof} C01B6/00; salts of oxyacids of halogens C01B11/00; peroxides, salts or peroxyacids C01B15/00; thiosulfates, dithionites, polythionates C01B17/64; compounds containing selenium, or tellurium C01B19/00; binary compounds of nitrogen with metals C01B21/06; azides C01B21/08; {compounds containing nitrogen, other non-metals and metal C01B21/082}; metal amides C01B21/092; nitrites C01B21/50; {compounds of noble gases C01B23/0005}; phosphides C01B25/08; salts of oxyacids of phosphorus C01B25/16; carbides C01B32/90; compounds containing silicon C01B33/00; compounds containing boron C01B35/00; compounds having molecular sieve properties but not having base-exchange properties C01B37/00; compounds having molecular sieve and base-exchange properties, e.g. crystalline zeolites, C01B39/00; cyanides C01C3/08; salts of cyanamide C01C3/16; thiocyanates C01C3/20)"
C01P,INDEXING SCHEME RELATING TO STRUCTURAL AND PHYSICAL ASPECTS OF SOLID INORGANIC COMPOUNDS
C02F,"TREATMENT OF WATER, WASTE WATER, SEWAGE, OR SLUDGE (separation in general B01D; special arrangements on waterborne vessels of installations for treating water, waste water or sewage, e.g. for producing fresh water, B63J; adding materials to water to prevent corrosion C23F; treating radioactively-contaminated liquids G21F9/04; regeneration of reactants for recirculation into processes, see the relevant places for the processes)"
C03B,"MANUFACTURE, SHAPING, OR SUPPLEMENTARY PROCESSES"
C03C,"CHEMICAL COMPOSITION OF GLASSES, GLAZES OR VITREOUS ENAMELS; SURFACE TREATMENT OF GLASS; SURFACE TREATMENT OF FIBRES OR FILAMENTS MADE FROM GLASS, MINERALS OR SLAGS; JOINING GLASS TO GLASS OR OTHER MATERIALS"
C04B,"LIME, MAGNESIA; SLAG; CEMENTS; COMPOSITIONS THEREOF, e.g. MORTARS, CONCRETE OR LIKE BUILDING MATERIALS; ARTIFICIAL STONE {(roofing granules E04D7/005)}; CERAMICS (devitrified glass-ceramics C03C10/00); REFRACTORIES; TREATMENT OF NATURAL STONE"
C05B,PHOSPHATIC FERTILISERS
C05C,NITROGENOUS FERTILISERS
C05D,"INORGANIC FERTILISERS NOT COVERED BY SUBCLASSES C05B, C05C; FERTILISERS PRODUCING CARBON DIOXIDE"
C05F,"ORGANIC FERTILISERS NOT COVERED BY SUBCLASSES C05B, C05C, e.g. FERTILISERS FROM WASTE OR REFUSE"
C05G,"MIXTURES OF FERTILISERS COVERED INDIVIDUALLY BY DIFFERENT SUBCLASSES OF CLASS C05; MIXTURES OF ONE OR MORE FERTILISERS WITH MATERIALS NOT HAVING A SPECIFIC FERTILISING ACTIVITY, e.g. PESTICIDES, SOIL-CONDITIONERS, WETTING AGENTS (organic fertilisers containing added bacterial cultures, mycelia, or the like C05F11/08; organic fertilisers containing plant vitamins or hormones C05F11/10); FERTILISERS CHARACTERISED BY THEIR FORM"
C06B,"EXPLOSIVES OR THERMIC COMPOSITIONS (blasting F42D); MANUFACTURE THEREOF; USE OF SINGLE SUBSTANCES AS EXPLOSIVES (compounds in general C01, C07 or C08; {demolition agents based on cementitious or like materials C04B41/0009})"
C06C,DETONATING OR PRIMING DEVICES; FUSES (ammunition fuzes F42C); CHEMICAL LIGHTERS; PYROPHORIC COMPOSITIONS
C06D,MEANS FOR GENERATING SMOKE OR MIST; GAS-ATTACK COMPOSITIONS; GENERATION OF GAS FOR BLASTING OR PROPULSION (CHEMICAL PART) (fuels C10)
C06F,MATCHES; MANUFACTURE OF MATCHES
C07B,GENERAL METHODS OF ORGANIC CHEMISTRY; APPARATUS THEREFOR (preparation of carboxylic acid esters by telomerisation C07C67/47; telomerisation C08F)
C07C,ACYCLIC OR CARBOCYCLIC COMPOUNDS
C07D,HETEROCYCLIC COMPOUNDS (macromolecular compounds C08)
C07F,"ACYCLIC, CARBOCYCLIC OR HETEROCYCLIC COMPOUNDS CONTAINING ELEMENTS OTHER THAN CARBON, HYDROGEN, HALOGEN, OXYGEN, NITROGEN, SULFUR, SELENIUM OR TELLURIUM (metal-containing porphyrins C07D487/22)"
C07G,"COMPOUNDS OF UNKNOWN CONSTITUTION (sulfonated fats, oils or waxes of undetermined constitution C07C309/62)"
C07H,"SUGARS; DERIVATIVES THEREOF; NUCLEOSIDES; NUCLEOTIDES; NUCLEIC ACIDS (derivatives of aldonic or saccharic acids C07C, C07D; aldonic acids, saccharic acids C07C59/105, C07C59/285; cyanohydrins C07C255/16; glycals C07D; compounds of unknown constitution C07G; polysaccharides, derivatives thereof C08B; DNA or RNA concerning genetic engineering, vectors, e.g. plasmids, or their isolation, preparation or purification C12N15/00; sugar industry C13)"
C07J,STEROIDS (seco-steroids C07C)
C07K,"PEPTIDES (peptides in foodstuffs A23; obtaining protein compositions for foodstuffs, working-up proteins for foodstuffs A23J; preparations for medicinal purposes A61K; peptides containing beta-lactam rings C07D; cyclic dipeptides not having in their molecule any other peptide link than those which form their ring, e.g. piperazine-2,5-diones, C07D; ergot alkaloids of the cyclic peptide type C07D519/02; macromolecular compounds having statistically distributed amino acid units in their molecules, i.e. when the preparation does not provide for a specific; but for a random sequence of the amino acid units, homopolyamides and block copolyamides derived from amino acids C08G69/00; macromolecular products derived from proteins C08H1/00; preparation of glue or gelatine C09H; single cell proteins, enzymes C12N; genetic engineering processes for obtaining peptides C12N15/00; compositions for measuring or testing processes involving enzymes C12Q; investigation or analysis of biological material G01N33/00)"
C08B,POLYSACCHARIDES; DERIVATIVES THEREOF (polysaccharides containing less than six saccharide radicals attached to each other by glycosidic linkages C07H; fermentation or enzyme-using processes C12P19/00; sugar industry C13; production of cellulose D21)
C08C,TREATMENT OR CHEMICAL MODIFICATION OF RUBBERS
C08F,MACROMOLECULAR COMPOUNDS OBTAINED BY REACTIONS ONLY INVOLVING CARBON-TO-CARBON UNSATURATED BONDS
C08G,MACROMOLECULAR COMPOUNDS OBTAINED OTHERWISE THAN BY REACTIONS ONLY INVOLVING UNSATURATED CARBON-TO-CARBON BONDS
C08H,DERIVATIVES OF NATURAL MACROMOLECULAR COMPOUNDS (polysaccharides C08B; natural rubber C08C; natural resins or their derivatives C09F; bituminous materials C10)
C08J,"WORKING-UP; GENERAL PROCESSES OF COMPOUNDING; AFTER-TREATMENT NOT COVERED BY SUBCLASSES C08B, C08C, C08F, C08G or C08H (working, e.g. shaping, of plastics B29)"
C08K,"Use of inorganic or non-macromolecular organic substances as compounding ingredients (paints, inks, varnishes, dyes, polishes, adhesives C09)"
C08L,"COMPOSITIONS OF MACROMOLECULAR COMPOUNDS (compositions based on polymerisable monomers C08F, C08G; artificial filaments or fibres D01F; textile treating compositions D06)"
C09B,"ORGANIC DYES OR CLOSELY-RELATED COMPOUNDS FOR PRODUCING DYES {, e.g. PIGMENTS}; MORDANTS; LAKES (fermentation or enzyme using processes to synthesise a desired chemical compound C12P)"
C09C,"TREATMENT OF INORGANIC MATERIALS, OTHER THAN FIBROUS FILLERS, TO ENHANCE THEIR PIGMENTING OR FILLING PROPERTIES (treatment of materials specially adapted to enhance their filling properties in mortars, concrete or artificial stone C04B14/00, C04B18/00, C04B20/00); PREPARATION OF CARBON BLACK {; PREPARATION OF INORGANIC MATERIALS WHICH ARE NO SINGLE CHEMICAL COMPOUNDS AND WHICH ARE MAINLY USED AS PIGMENTS OR FILLERS}"
C09D,"COATING COMPOSITIONS, e.g. PAINTS, VARNISHES OR LACQUERS; FILLING PASTES; CHEMICAL PAINT OR INK REMOVERS; INKS; CORRECTING FLUIDS; WOODSTAINS; PASTES OR SOLIDS FOR COLOURING OR PRINTING; USE OF MATERIALS THEREFOR (cosmetics A61K; processes for applying liquids or other fluent materials to surfaces, in general, B05D; staining wood B27K5/02; glazes or vitreous enamels C03C; natural resins, French polish, drying-oils, driers, turpentine, per se, C09F; polishing compositions other than French polish, ski waxes C09G; adhesives or use of materials as adhesives C09J; materials for sealing or packing joints or covers C09K3/10; materials for stopping leaks C09K3/12; processes for the electrolytic or electrophoretic production of coatings C25D)"
C09F,"NATURAL RESINS; FRENCH POLISH; DRYING-OILS; OIL DRYING AGENTS, i.e. SICCATIVES; TURPENTINE"
C09G,POLISHING COMPOSITIONS (French polish C09F11/00); SKI WAXES
C09H,PREPARATION OF GLUE OR GELATINE
C09J,ADHESIVES; NON-MECHANICAL ASPECTS OF ADHESIVE PROCESSES IN GENERAL; ADHESIVE PROCESSES NOT PROVIDED FOR ELSEWHERE; USE OF MATERIALS AS ADHESIVES (preparation of glue or gelatine C09H)
C09K,"MATERIALS FOR MISCELLANEOUS APPLICATIONS, NOT PROVIDED FOR ELSEWHERE"
C10B,"DESTRUCTIVE DISTILLATION OF CARBONACEOUS MATERIALS FOR PRODUCTION OF GAS, COKE, TAR, OR SIMILAR MATERIALS (cracking oils C10G; underground gasification of minerals E21B43/295)"
C10C,"WORKING-UP PITCH, ASPHALT, BITUMEN, TAR; PYROLIGNEOUS ACID (compositions of bituminous materials C08L95/00; carbon filaments by decomposition of organic filaments D01F9/14)"
C10F,DRYING OR WORKING-UP OF PEAT
C10G,"CRACKING HYDROCARBON OILS; PRODUCTION OF LIQUID HYDROCARBON MIXTURES, e.g. BY DESTRUCTIVE HYDROGENATION, OLIGOMERISATION, POLYMERISATION (cracking to hydrogen or synthesis gas C01B; cracking or pyrolysis of hydrocarbon gases to individual hydrocarbons or mixtures thereof of definite or specified constitution C07C; cracking to cokes C10B); RECOVERY OF HYDROCARBON OILS FROM OIL-SHALE, OIL-SAND, OR GASES; REFINING MIXTURES MAINLY CONSISTING OF HYDROCARBONS; REFORMING OF NAPHTHA; MINERAL WAXES"
C10H,PRODUCTION OF ACETYLENE BY WET METHODS {(purification of acetylene C07C7/00)}
C10J,"PRODUCTION OF PRODUCER GAS, WATER-GAS, SYNTHESIS GAS FROM SOLID CARBONACEOUS MATERIAL, OR MIXTURES CONTAINING THESE GASES (synthesis gas from liquid or gaseous hydrocarbons C01B; underground gasification of minerals E21B43/295); CARBURETTING AIR OR OTHER GASES"
C10K,PURIFYING OR MODIFYING THE CHEMICAL COMPOSITION OF COMBUSTIBLE GASES CONTAINING CARBON MONOXIDE
C10L,FUELS NOT OTHERWISE PROVIDED FOR; NATURAL GAS; SYNTHETIC NATURAL GAS OBTAINED BY PROCESSES NOT COVERED BY SUBCLASSES C10G OR C10K; LIQUIFIED PETROLEUM GAS; USE OF ADDITIVES TO FUELS OR FIRES; FIRE-LIGHTERS
C10M,"LUBRICATING COMPOSITIONS (well drilling compositions C09K8/02); USE OF CHEMICAL SUBSTANCES EITHER ALONE OR AS LUBRICATING INGREDIENTS IN A LUBRICATING COMPOSITION (mould release, i.e. separating, agents for metals B22C3/00, for plastics or substances in a plastic state, in general B29C33/56, for glass C03B40/02; textile lubricating compositions D06M11/00, D06M13/00, D06M15/00; immersion oils for microscopy G02B21/33)"
C10N,INDEXING SCHEME ASSOCIATED WITH SUBCLASS C10M RELATING TO LUBRICATING COMPOSITIONS
C11B,"PRODUCING, e.g. BY PRESSING RAW MATERIALS OR BY EXTRACTION FROM WASTE MATERIALS, REFINING OR PRESERVING FATS, FATTY SUBSTANCES, e.g. LANOLIN, FATTY OILS OR WAXES; ESSENTIAL OILS; PERFUMES (drying-oils C09F)"
C11C,"FATTY ACIDS FROM FATS, OILS OR WAXES; CANDLES; FATS, OILS OR FATTY ACIDS BY CHEMICAL MODIFICATION OF FATS, OILS, OR FATTY ACIDS OBTAINED THEREFROM"
C11D,DETERGENT COMPOSITIONS; USE OF SINGLE SUBSTANCES AS DETERGENTS; SOAP OR SOAP-MAKING; RESIN SOAPS; RECOVERY OF GLYCEROL
C12C,"BEER; PREPARATION OF BEER BY FERMENTATION (ageing or ripening by storing C12H1/22; methods for reducing the alcohol content after fermentation C12H3/00; methods for increasing the alcohol content after fermentation C12H6/00; venting devices for casks, barrels or the like C12L9/00); PREPARATION OF MALT FOR MAKING BEER; PREPARATION OF HOPS FOR MAKING BEER"
C12F,RECOVERY OF BY-PRODUCTS OF FERMENTED SOLUTIONS (removal of yeast from wine or sparkling wine C12G1/08); DENATURED ALCOHOL; PREPARATION THEREOF
C12G,WINE; PREPARATION THEREOF; ALCOHOLIC BEVERAGES (beer C12C); PREPARATION OF ALCOHOLIC BEVERAGES NOT PROVIDED FOR IN SUBCLASSES C12C OR C12H
C12H,"PASTEURISATION, STERILISATION, PRESERVATION, PURIFICATION, CLARIFICATION OR AGEING OF ALCOHOLIC BEVERAGES; METHODS FOR ALTERING THE ALCOHOL CONTENT OF FERMENTED SOLUTIONS OR ALCOHOLIC BEVERAGES (simulation ageing by flavouring C12G3/06)"
C12J,VINEGAR; PREPARATION OR PURIFICATION THEREOF
C12L,PITCHING OR DEPITCHING MACHINES; CELLAR TOOLS (cleaning of casks B08B9/00)
C12M,"APPARATUS FOR ENZYMOLOGY OR MICROBIOLOGY; {APPARATUS FOR CULTURING MICROORGANISMS FOR PRODUCING BIOMASS, FOR GROWING CELLS OR FOR OBTAINING FERMENTATION OR METABOLIC PRODUCTS, i.e. BIOREACTORS OR FERMENTERS}"
C12N,"MICROORGANISMS OR ENZYMES; COMPOSITIONS THEREOF; PROPAGATING, PRESERVING, OR MAINTAINING MICROORGANISMS; MUTATION OR GENETIC ENGINEERING; CULTURE MEDIA (microbiological testing media C12Q1/00)"
C12P,"FERMENTATION OR ENZYME-USING PROCESSES TO SYNTHESISE A DESIRED CHEMICAL COMPOUND OR COMPOSITION OR TO SEPARATE OPTICAL ISOMERS FROM A RACEMIC MIXTURE {(brewing of beer C12C; producing vinegar C12J; producing specific peptides or proteins C07K; producing enzymes C12N9/00; DNA or RNA concerning genetic engineering, vectors, e.g. plasmids, or their isolation, preparation or purification C12N15/00; measuring or testing processes involving enzymes or microorganisms C12Q; measuring or testing processes involving nucleic acid amplification reactions C12Q1/6844; fermentation processes to form a food composition, A21 or A23; compounds in general, see the relevant compound class, e.g. C01, C07)}"
C12Q,"MEASURING OR TESTING PROCESSES INVOLVING ENZYMES, NUCLEIC ACIDS OR MICROORGANISMS (immunoassay G01N33/53); COMPOSITIONS OR TEST PAPERS THEREFOR; PROCESSES OF PREPARING SUCH COMPOSITIONS; CONDITION-RESPONSIVE CONTROL IN MICROBIOLOGICAL OR ENZYMOLOGICAL PROCESSES"
C12R,"INDEXING SCHEME ASSOCIATED WITH SUBCLASSES C12C - C12Q, RELATING TO MICROORGANISMS"
C12Y,ENZYMES
C13B,PRODUCTION OF SUCROSE; APPARATUS SPECIALLY ADAPTED THEREFOR (chemically synthesised sugars or sugar derivatives C07H; fermentation or enzyme-using processes for preparing compounds containing saccharide radicals C12P19/00)
C13K,"SACCHARIDES OBTAINED FROM NATURAL SOURCES OR BY HYDROLYSIS OF NATURALLY OCCURRING DISACCHARIDES, OLIGOSACCHARIDES OR POLYSACCHARIDES (chemically synthesised sugars or sugar derivatives C07H; polysaccharides, e.g. starch, derivatives thereof C08B; malt C12C; fermentation or enzyme-using processes for preparing compounds containing saccharide radicals C12P19/00; production of sucrose C13B)"
C14B,"MECHANICAL TREATMENT OR PROCESSING OF SKINS, HIDES OR LEATHER IN GENERAL; PELT-SHEARING MACHINES; INTESTINE-SPLITTING MACHINES (making leather substitutes B29, D06N; making articles from leather B68F; mechanical cleaning of hides or the like D06G; artificial leather D06N)"
C14C,"CHEMICAL TREATMENT OF HIDES, SKINS OR LEATHER, e.g. TANNING, IMPREGNATING, FINISHING; APPARATUS THEREFOR; COMPOSITIONS FOR TANNING (bleaching of leather or furs D06L; dyeing of leather or furs D06P)"
C21B,MANUFACTURE OF IRON OR STEEL (preliminary treatment of ferrous ores or scrap C22B1/00)
C21C,"PROCESSING OF PIG-IRON, e.g. REFINING, MANUFACTURE OF WROUGHT-IRON OR STEEL; TREATMENT IN MOLTEN STATE OF FERROUS ALLOYS"
C21D,"MODIFYING THE PHYSICAL STRUCTURE OF FERROUS METALS; GENERAL DEVICES FOR HEAT TREATMENT OF FERROUS OR NON-FERROUS METALS OR ALLOYS; MAKING METAL MALLEABLE, e.g. BY DECARBURISATION OR TEMPERING (surface treatment of metallic material involving at least one process provided for in class C23 and at least one process covered by this subclass C23F17/00; unidirectional solidification of eutectic materials or unidirectional demixing of eutectoid materials C30B)"
C22B,PRODUCTION AND REFINING OF METALS (electrolytic C25); PRETREATMENT OF RAW MATERIALS
C22C,"ALLOYS (treatment of alloys C21D, C22F)"
C22F,"CHANGING THE PHYSICAL STRUCTURE OF NON-FERROUS METALS AND NON-FERROUS ALLOYS (surface treatment of metallic material involving at least one process provided for in class C23 and at least one process covered by this subclass, C23F17/00)"
C23C,"COATING METALLIC MATERIAL; COATING MATERIAL WITH METALLIC MATERIAL; SURFACE TREATMENT OF METALLIC MATERIAL BY DIFFUSION INTO THE SURFACE, BY CHEMICAL CONVERSION OR SUBSTITUTION; COATING BY VACUUM EVAPORATION, BY SPUTTERING, BY ION IMPLANTATION OR BY CHEMICAL VAPOUR DEPOSITION, IN GENERAL (making metal-coated products by extrusion B21C23/22; covering with metal by connecting pre-existing layers to articles, see the relevant places, e.g. B21D39/00, B23K; metallising of glass C03C; metallising mortars, concrete, artificial stone, ceramics or natural stone C04B41/00; enamelling of, or applying a vitreous layer to, metals C23D; treating metal surfaces or coating of metals by electrolysis or electrophoresis C25D; single-crystal film growth C30B; by metallising textiles D06M11/83; decorating textiles by locally metallising D06Q1/04)"
C23D,"ENAMELLING OF, OR APPLYING A VITREOUS LAYER TO, METALS"
C23F,"NON-MECHANICAL REMOVAL OF METALLIC MATERIAL FROM SURFACE (working metal by laser beams B23K26/00; desurfacing by applying flames B23K7/00; working of metal by electro-erosion B23H; producing decorative effects by removing surface material, e.g. by engraving, by etching, B44C1/22; electrolytic etching or polishing C25F); INHIBITING CORROSION OF METALLIC MATERIAL OR INCRUSTATION IN GENERAL; MULTI-STEP PROCESSES FOR SURFACE TREATMENT OF METALLIC MATERIAL INVOLVING AT LEAST ONE PROCESS PROVIDED FOR IN CLASS C23 AND AT LEAST ONE PROCESS COVERED BY SUBCLASS C21D OR C22F OR CLASS C25"
C23G,CLEANING OR DE-GREASING OF METALLIC MATERIAL BY CHEMICAL METHODS OTHER THAN ELECTROLYSIS
C25B,ELECTROLYTIC OR ELECTROPHORETIC PROCESSES FOR THE PRODUCTION OF COMPOUNDS OR NON-METALS; APPARATUS THEREFOR (anodic or cathodic protection C23F13/00; single-crystal growth C30B)
C25C,"PROCESSES FOR THE ELECTROLYTIC PRODUCTION, RECOVERY OR REFINING OF METALS; APPARATUS THEREFOR"
C25D,PROCESSES FOR THE ELECTROLYTIC OR ELECTROPHORETIC PRODUCTION OF COATINGS; ELECTROFORMING; APPARATUS THEREFOR
C25F,PROCESSES FOR THE ELECTROLYTIC REMOVAL OF MATERIALS FROM OBJECTS; APPARATUS THEREFOR
C30B,"SINGLE-CRYSTAL GROWTH (by using ultra-high pressure, e.g. for the formation of diamonds, B01J3/06); UNIDIRECTIONAL SOLIDIFICATION OF EUTECTIC MATERIAL OR UNIDIRECTIONAL DEMIXING OF EUTECTOID MATERIAL; REFINING BY ZONE-MELTING OF MATERIAL (zone-refining of metals or alloys C22B); PRODUCTION OF A HOMOGENEOUS POLYCRYSTALLINE MATERIAL WITH DEFINED STRUCTURE (casting of metals, casting of other substances by the same processes or devices B22D; working of plastics B29; modifying the physical structure of metals or alloys C21D, C22F); SINGLE CRYSTALS OR HOMOGENEOUS POLYCRYSTALLINE MATERIAL WITH DEFINED STRUCTURE; AFTER-TREATMENT OF SINGLE CRYSTALS OR A HOMOGENEOUS POLYCRYSTALLINE MATERIAL WITH DEFINED STRUCTURE (for producing semiconductor devices or parts thereof H10); APPARATUS THEREFOR"
C40B,"COMBINATORIAL CHEMISTRY; LIBRARIES, e.g. CHEMICAL LIBRARIES (in silico combinatorial libraries of nucleic acids, proteins or peptides G16B35/00; in silico combinatorial chemistry G16C20/60)"
D01B,"MECHANICAL TREATMENT OF NATURAL FIBROUS OR FILAMENTARY MATERIAL TO OBTAIN FIBRES OF FILAMENTS, e.g. FOR SPINNING (crude extraction of asbestos fibres from ores B03B; apparatus for retting D01C)"
D01C,CHEMICAL OR BIOLOGICAL TREATMENT OF NATURAL FILAMENTARY OR FIBROUS MATERIAL TO OBTAIN FILAMENTS OR FIBRES FOR SPINNING; CARBONISING RAGS TO RECOVER ANIMAL FIBRES
D01D,"MECHANICAL METHODS OR APPARATUS IN THE MANUFACTURE OF ARTIFICIAL FILAMENTS, THREADS, FIBRES, BRISTLES OR RIBBONS"
D01F,"CHEMICAL FEATURES IN THE MANUFACTURE OF ARTIFICIAL FILAMENTS, THREADS, FIBRES, BRISTLES OR RIBBONS; APPARATUS SPECIALLY ADAPTED FOR THE MANUFACTURE OF CARBON FILAMENTS"
D01G,"PRELIMINARY TREATMENT OF FIBRES, e.g. FOR SPINNING (winding or unwinding, conducting or guiding laps, webs, slivers or rovings in general, sliver or roving cans, depositing in sliver or roving cabs B65H; preparation of fibres for paper-making D21)"
D01H,"SPINNING OR TWISTING (twisting oakum D01G35/00; crimping or curling of fibres, filaments, or yarns D02G1/00)"
D02G,"CRIMPING OR CURLING FIBRES, FILAMENTS, THREADS, OR YARNS; YARNS OR THREADS"
D02H,"WARPING, BEAMING OR LEASING"
D02J,"FINISHING OR DRESSING OF FILAMENTS, YARNS, THREADS, CORDS, ROPES OR THE LIKE (curling or crimping D02G; by treatment with liquids, gases or vapours D06B; finishing other than by liquid treatment, of yarns in warp or sheet form D06C; for chemical matters, see D06L, D06M, D06P, D06Q; treatment during rope-making, apparatus for treating ropes auxiliary to rope-making D07B)"
D03C,SHEDDING MECHANISMS; PATTERN CARDS OR CHAINS; PUNCHING OF CARDS; DESIGNING PATTERNS
D03D,WOVEN FABRICS; METHODS OF WEAVING; LOOMS
D03J,AUXILIARY WEAVING APPARATUS; WEAVERS' TOOLS; SHUTTLES
D04B,KNITTING
D04C,"BRAIDING OR MANUFACTURE OF LACE, INCLUDING BOBBIN-NET OR CARBONISED LACE; BRAIDING MACHINES; BRAID; LACE (machines for making soles from strips of material A43D29/00; cane working B27J1/00)"
D04D,"TRIMMINGS; RIBBONS, TAPES OR BANDS, NOT OTHERWISE PROVIDED FOR (fittings or trimmings for hats, e.g. hat bands A42C5/00; decorating art B44; yarns or threads D02G; weaving D03; braid or lace D04C; non-woven fabrics D04H)"
D04G,MAKING NETS BY KNOTTING OF FILAMENTARY MATERIAL; MAKING KNOTTED CARPETS OR TAPESTRIES; KNOTTING NOT OTHERWISE PROVIDED FOR (binding knotters for harvesters A01D59/04; wire netting B21F; tying articles by knotting B65B; knotting in association with winding or unwinding B65H69/00; knotting in weaving D03J)
D04H,"MAKING TEXTILE FABRICS, e.g. FROM FIBRES OR FILAMENTARY MATERIAL (weaving D03; knitting D04B; braiding D04C; net-making D04G; sewing D05B; tufting D05C; finishing non-woven fabrics D06); FABRICS MADE BY SUCH PROCESSES OR APPARATUS, e.g. FELTS, NON-WOVEN FABRICS; COTTON-WOOL; WADDING {; NON-WOVEN FABRICS FROM STAPLE FIBRES, FILAMENTS OR YARNS, BONDED WITH AT LEAST ONE WEB-LIKE MATERIAL DURING THEIR CONSOLIDATION} (non-woven fabrics having an intermediate or external layer of a different kind, e.g. of woven fabric, B32B)"
D05B,SEWING (appliances for the tailoring trade A41H; sewing tables A47B29/00; sewing in bookbinding B42B2/00; sewing machines modified for knitting D04B39/08)
D05C,EMBROIDERING; TUFTING (making non-woven fabrics D04H; sewing D05B)
D06B,"TREATING TEXTILE MATERIALS USING LIQUIDS, GASES OR VAPOURS (mechanical treatment of natural fibrous or filamentary material to obtain fibres or filaments D01B)"
D06C,"FINISHING, DRESSING, TENTERING OR STRETCHING TEXTILE FABRICS"
D06F,"LAUNDERING, DRYING, IRONING, PRESSING OR FOLDING TEXTILE ARTICLES"
D06G,"MECHANICAL OR PRESSURE CLEANING OF CARPETS, RUGS, SACKS, HIDES, OR OTHER SKIN OR TEXTILE ARTICLES OR FABRICS; TURNING INSIDE-OUT FLEXIBLE TUBULAR OR OTHER HOLLOW ARTICLES"
D06H,"MARKING, INSPECTING, SEAMING OR SEVERING TEXTILE MATERIALS (seaming by sewing D05B)"
D06J,"PLEATING, KILTING OR GOFFERING TEXTILE FABRICS OR WEARING APPAREL (by sewing D05B)"
D06L,"DRY-CLEANING, WASHING OR BLEACHING FIBRES, FILAMENTS, THREADS, YARNS, FABRICS, FEATHERS OR MADE-UP FIBROUS GOODS; BLEACHING LEATHER OR FURS"
D06M,"TREATMENT, NOT PROVIDED FOR ELSEWHERE IN CLASS D06, OF FIBRES, THREADS, YARNS, FABRICS, FEATHERS OR FIBROUS GOODS MADE FROM SUCH MATERIALS"
D06N,"WALL, FLOOR, OR LIKE COVERING MATERIALS, e.g. LINOLEUM, OILCLOTH, ARTIFICIAL LEATHER, ROOFING FELT, CONSISTING OF A FIBROUS WEB COATED WITH A LAYER OF MACROMOLECULAR MATERIAL; FLEXIBLE SHEET MATERIAL NOT OTHERWISE PROVIDED FOR"
D06P,"DYEING OR PRINTING TEXTILES; DYEING LEATHER, FURS OR SOLID MACROMOLECULAR SUBSTANCES IN ANY FORM"
D06Q,"DECORATING TEXTILES (textile threads, filaments, yarns or tow, glued on macromolecular material D06N7/00)"
D07B,"ROPES OR CABLES IN GENERAL (joining ropes or cables to one another or to other objects B65H69/00, F16G11/00; {mountaineering ropes A63B29/02}; mechanical finishing or dressing of ropes D02J; {braiding D04C}; decorative ropes or cords D04D; suspension cables for bridges E01D19/16; specially adapted for driving, or for being driven by, pulleys or other gearing elements F16G9/00; electric cables or joints insofar as electrical aspects are essential H01B, H01R)"
D21B,FIBROUS RAW MATERIALS OR THEIR MECHANICAL TREATMENT
D21C,PRODUCTION OF CELLULOSE BY REMOVING NON-CELLULOSE SUBSTANCES FROM CELLULOSE-CONTAINING MATERIALS; REGENERATION OF PULPING LIQUORS; APPARATUS THEREFOR
D21D,TREATMENT OF THE MATERIALS BEFORE PASSING TO THE PAPER-MAKING MACHINE
D21F,PAPER-MAKING MACHINES; METHODS OF PRODUCING PAPER THEREON
D21G,"CALENDERS; ACCESSORIES FOR PAPER-MAKING MACHINES (winders or rewinders for finished products, means for adjustment of wrinkles or lateral extensions B65H)"
D21H,PULP COMPOSITIONS; PREPARATION THEREOF NOT COVERED BY SUBCLASSES D21C OR D21D; IMPREGNATING OR COATING OF PAPER; TREATMENT OF FINISHED PAPER NOT COVERED BY CLASS B31 OR SUBCLASS D21G; PAPER NOT OTHERWISE PROVIDED FOR
D21J,FIBREBOARD; MANUFACTURE OF ARTICLES FROM CELLULOSIC FIBROUS SUSPENSIONS OR FROM PAPIER-MACHE (manufacture of articles by dry processes B27N)
E01B,"PERMANENT WAY; PERMANENT-WAY TOOLS; MACHINES FOR MAKING RAILWAYS OF ALL KINDS (derailing or rerailing blocks on track, track brakes or retarders B61K)"
E01C,"CONSTRUCTION OF, OR SURFACES FOR, ROADS, SPORTS GROUNDS, OR THE LIKE; MACHINES OR AUXILIARY TOOLS FOR CONSTRUCTION OR REPAIR (forming roads or like surfaces by compacting or grading snow or ice E01H)"
E01D,"CONSTRUCTION OF BRIDGES, {ELEVATED ROADWAYS} OR VIADUCTS; ASSEMBLY OF BRIDGES (bridges extending between terminal buildings and aircraft for embarking or disembarking passengers B64F1/305; {tracks for special kinds of railways E01B25/00; culverts E01F5/005})"
E01F,"ADDITIONAL WORK, SUCH AS EQUIPPING ROADS OR THE CONSTRUCTION OF PLATFORMS, HELICOPTER LANDING STAGES, SIGNS, SNOW FENCES, OR THE LIKE"
E01H,STREET CLEANING; CLEANING OF PERMANENT WAYS; CLEANING BEACHES; DISPERSING {OR PREVENTING} FOG IN GENERAL {CLEANING STREET OR RAILWAY FURNITURE OR TUNNEL WALLS} (cleaning in general B08B)
E02B,HYDRAULIC ENGINEERING (ship-lifting E02C; dredging E02F)
E02C,SHIP-LIFTING DEVICES OR MECHANISMS
E02D,"FOUNDATIONS; EXCAVATIONS; EMBANKMENTS (specially adapted for hydraulic engineering E02B); UNDERGROUND OR UNDERWATER STRUCTURES {(tunnels, tunnelling, mining E21)}"
E02F,DREDGING; SOIL-SHIFTING (winning peat E21C49/00)
E03B,"INSTALLATIONS OR METHODS FOR OBTAINING, COLLECTING, OR DISTRIBUTING WATER (drilling wells, obtaining fluids in general from wells E21B; pipe-line systems in general F17D)"
E03C,"DOMESTIC PLUMBING INSTALLATIONS FOR FRESH WATER OR WASTE WATER (not connected to either water-supply main or to waste pipe A47K; devices of the kind used in the ground E03B, E03F); SINKS"
E03D,WATER-CLOSETS OR URINALS WITH FLUSHING DEVICES; FLUSHING VALVES THEREFOR
E03F,SEWERS; CESSPOOLS
E04B,"GENERAL BUILDING CONSTRUCTIONS; WALLS, e.g. PARTITIONS; ROOFS; FLOORS; CEILINGS; INSULATION OR OTHER PROTECTION OF BUILDINGS (border constructions of opening in walls, floors or ceilings E06B1/00; {electromagnetic shielding H05K9/0001})"
E04C,"STRUCTURAL ELEMENTS; BUILDING MATERIALS (for bridges E01D; specially designed for insulation or other protection E04B; elements used as building aids E04G; for mining E21; for tunnels E21D; structural elements with broader range of application than for building engineering F16, particularly F16S)"
E04D,ROOF COVERINGS; SKY-LIGHTS; GUTTERS; ROOF-WORKING TOOLS (coverings of outer walls by plaster or other porous material E04F13/00)
E04F,"FINISHING WORK ON BUILDINGS, e.g. STAIRS, FLOORS (windows, doors E06B)"
E04G,"SCAFFOLDING; FORMS; SHUTTERING; BUILDING IMPLEMENTS OR AIDS, OR THEIR USE; HANDLING BUILDING MATERIALS ON THE SITE; REPAIRING, BREAKING-UP OR OTHER WORK ON EXISTING BUILDINGS"
E04H,"BUILDINGS OR LIKE STRUCTURES FOR PARTICULAR PURPOSES; SWIMMING OR SPLASH BATHS OR POOLS; MASTS; FENCING; TENTS OR CANOPIES, IN GENERAL (foundations E02D)"
E05B,LOCKS; ACCESSORIES THEREFOR; HANDCUFFS
E05C,"BOLTS OR FASTENING DEVICES FOR WINGS, SPECIALLY FOR DOORS OR WINDOWS (latching means for sideboard or tailgate structures for vehicles B62D, {B62D33/02}; fastening devices for constructional or engineering elements E04, F16B; locks, fastening devices structurally or operatively combined or having significant cooperation with locks E05B; means for operating or controlling wing fasteners in conjunction with mechanisms for moving the wing E05F)"
E05D,"HINGES OR SUSPENSION DEVICES FOR DOORS, WINDOWS OR WINGS (pivotal connections in general F16C11/00)"
E05F,"DEVICES FOR MOVING WINGS INTO OPEN OR CLOSED POSITION; CHECKS FOR WINGS; WING FITTINGS NOT OTHERWISE PROVIDED FOR, CONCERNED WITH THE FUNCTIONING OF THE WING"
E05G,"SAFES OR STRONG-ROOMS FOR VALUABLES; BANK PROTECTION DEVICES; SAFETY TRANSACTION PARTITIONS ({devices to prevent theft of bags, trunks or baskets A45C13/18;} alarm arrangements per se G08B)"
E05Y,"INDEXING SCHEME ASSOCIATED WITH SUBCLASSES E05D AND E05F, RELATING TO CONSTRUCTION ELEMENTS, ELECTRIC CONTROL, POWER SUPPLY, POWER SIGNAL OR TRANSMISSION, USER INTERFACES, MOUNTING OR COUPLING, DETAILS, ACCESSORIES, AUXILIARY OPERATIONS NOT OTHERWISE PROVIDED FOR, APPLICATION THEREOF"
E06B,"FIXED OR MOVABLE CLOSURES FOR OPENINGS IN BUILDINGS, VEHICLES, FENCES OR LIKE ENCLOSURES IN GENERAL, e.g. DOORS, WINDOWS, BLINDS, GATES (shades or blinds for greenhouses A01G9/22; curtains A47H; lids for car boots or bonnets B62D25/10; skylights E04B7/18; sunshades, awnings E04F10/00)"
E06C,"LADDERS (E04F11/00 takes precedence; step-stools A47C12/00; adaptation of ladders to use on ships B63B, to use on aircraft B64; scaffolding E04G)"
E21B,"EARTH OR ROCK DRILLING; OBTAINING OIL, GAS, WATER, SOLUBLE OR MELTABLE MATERIALS OR A SLURRY OF MINERALS FROM WELLS"
E21C,MINING OR QUARRYING
E21D,"SHAFTS; TUNNELS; GALLERIES; LARGE UNDERGROUND CHAMBERS (soil-conditioning or soil-stabilising materials C09K17/00; drilling or cutting machines for mining or quarrying E21C; safety devices, transport, rescue, ventilation or drainage E21F)"
E21F,"SAFETY DEVICES, TRANSPORT, FILLING-UP, RESCUE, VENTILATION, OR DRAINING IN OR OF MINES OR TUNNELS"
F01B,"MACHINES OR ENGINES, IN GENERAL OR OF POSITIVE-DISPLACEMENT TYPE, e.g. STEAM ENGINES (of rotary-piston or oscillating-piston type F01C; of non-positive-displacement type F01D; internal-combustion engines F02B; combustion-product engine plants F02G; machines or engines, other than of positive-displacement type, for liquids F03B; positive-displacement engines driven by liquids F03C; wind motors F03D; positive-displacement machines for liquids F04B; rotary-piston, or oscillating-piston, positive-displacement machines for liquids F04C)"
F01C,"ROTARY-PISTON OR OSCILLATING-PISTON MACHINES OR ENGINES (internal-combustion aspects F02B53/00, F02B55/00)"
F01D,"NON-POSITIVE DISPLACEMENT MACHINES OR ENGINES, e.g. STEAM TURBINES (machines or engines for liquids F03; non-positive displacement pumps F04D)"
F01K,"STEAM ENGINE PLANTS; STEAM ACCUMULATORS; ENGINE PLANTS NOT OTHERWISE PROVIDED FOR; ENGINES USING SPECIAL WORKING FLUIDS OR CYCLES (gas-turbine or jet-propulsion plants F02; nuclear power plants, engine arrangements therein G21D)"
F01L,CYCLICALLY OPERATING VALVES FOR MACHINES OR ENGINES
F01M,LUBRICATING OF MACHINES OR ENGINES IN GENERAL; LUBRICATING INTERNAL COMBUSTION ENGINES; CRANKCASE VENTILATING
F01N,"GAS-FLOW SILENCERS OR EXHAUST APPARATUS FOR MACHINES OR ENGINES IN GENERAL; GAS-FLOW SILENCERS OR EXHAUST APPARATUS FOR INTERNAL-COMBUSTION ENGINES (arrangements in connection with gas exhaust of propulsion units in vehicles B60K13/00; combustion-air intake silencers specially adapted for, or arranged on, internal-combustion engines F02M35/00; protecting against, or damping, noise in general G10K11/16)"
F01P,"COOLING OF MACHINES OR ENGINES IN GENERAL; COOLING OF INTERNAL-COMBUSTION ENGINES (arrangements in connection with cooling of propulsion units in vehicles B60K11/00; heat-transfer, heat-exchange or heat-storage materials C09K5/00; {cooling of gas-turbine engines F02C7/12}; heat exchange in general, radiators F28)"
F02B,INTERNAL-COMBUSTION PISTON ENGINES; COMBUSTION ENGINES IN GENERAL (gas-turbine plants F02C; hot-gas or combustion-product positive-displacement engine plants F02G)
F02C,GAS-TURBINE PLANTS; AIR INTAKES FOR JET-PROPULSION PLANTS; CONTROLLING FUEL SUPPLY IN AIR-BREATHING JET-PROPULSION PLANTS (construction of turbines F01D; jet-propulsion plants F02K; construction of compressors or fans F04; generating combustion products of high pressure or high velocity F23R; using gas turbines in compression refrigeration plants F25B11/00)
F02D,"CONTROLLING COMBUSTION ENGINES (vehicle fittings, acting on a single sub-unit only, for automatically controlling vehicle speed B60K31/00; conjoint control of vehicle sub-units of different type or different function, road vehicle drive control systems for purposes other than the control of a single sub-unit B60W)"
F02F,"CYLINDERS, PISTONS OR CASINGS, FOR COMBUSTION ENGINES; ARRANGEMENTS OF SEALINGS IN COMBUSTION ENGINES"
F02G,"HOT GAS OR COMBUSTION-PRODUCT POSITIVE-DISPLACEMENT ENGINE PLANTS (steam engine plants, special vapour plants, plants operating on either hot gas or combustion-product gases together with other fluid F01K; gas-turbine plants F02C; jet-propulsion plants F02K); USE OF WASTE HEAT OF COMBUSTION ENGINES; NOT OTHERWISE PROVIDED FOR"
F02K,"JET-PROPULSION PLANTS (features of jet-propulsion plants common to gas-turbine plants, air intakes or fuel supply control of air-breathing jet-propulsion plants F02C7/00, F02C9/00)"
F02M,SUPPLYING COMBUSTION ENGINES IN GENERAL WITH COMBUSTIBLE MIXTURES OR CONSTITUENTS THEREOF
F02N,"STARTING OF COMBUSTION ENGINES; STARTING AIDS FOR SUCH ENGINES, NOT OTHERWISE PROVIDED FOR"
F02P,"IGNITION, OTHER THAN COMPRESSION IGNITION, FOR INTERNAL-COMBUSTION ENGINES; TESTING OF IGNITION TIMING IN COMPRESSION-IGNITION ENGINES ({anti-pollution means for internal-combustion engines F02B17/00}; specially adapted for rotary-piston or oscillating-piston engines F02B53/12; {ignition of gas turbine plants F02C7/26; ignition of jet propulsion plants F02K9/95; starting of combustion engines F02N9/00}; ignition of combustion apparatus in general, glowing plugs F23Q; measuring of physical variables in general G01; controlling in general G05; data processing in general G06; electrical components in general see Section H; {ignition coils H01F38/12}; sparking plugs H01T13/00)"
F03B,"MACHINES OR ENGINES FOR LIQUIDS (positive-displacement engines for liquid F03C; machines for liquids and gases F01; positive-displacement machines for liquids F04, rotary fluid gearing of the hydrokinetic type F16H41/00)"
F03C,POSITIVE-DISPLACEMENT ENGINES DRIVEN BY LIQUIDS (positive- displacement engines for liquids and elastic fluids F01; positive- displacement machines for liquids F04; fluid-pressure actuators F15B; fluid gearing F16H)
F03D,WIND MOTORS
F03G,"SPRING, WEIGHT, INERTIA OR LIKE MOTORS; MECHANICAL-POWER PRODUCING DEVICES OR MECHANISMS, NOT OTHERWISE PROVIDED FOR OR USING ENERGY SOURCES NOT OTHERWISE PROVIDED FOR (arrangements in connection with power supply in vehicles from force of nature B60K16/00; electric propulsion with power supply in vehicles from force of nature B60L8/00)"
F03H,"PRODUCING A REACTIVE PROPULSIVE THRUST, NOT OTHERWISE PROVIDED FOR (from combustion products F02K)"
F04B,"POSITIVE-DISPLACEMENT MACHINES FOR LIQUIDS; PUMPS (machines for liquids, or pumps, of rotary-piston or oscillating-piston type F04C; non-positive-displacement pumps F04D; pumping of fluid by direct contact of another fluid or by using inertia of fluid to be pumped F04F)"
F04C,"ROTARY-PISTON, OR OSCILLATING-PISTON, POSITIVE-DISPLACEMENT MACHINES FOR LIQUIDS (engines F03C); ROTARY-PISTON, OR OSCILLATING-PISTON, POSITIVE-DISPLACEMENT PUMPS"
F04D,NON-POSITIVE-DISPLACEMENT PUMPS (engine fuel-injection pumps F02M; ion pumps H01J41/12; electrodynamic pumps H02K44/02)
F04F,"PUMPING OF FLUID BY DIRECT CONTACT OF ANOTHER FLUID OR BY USING INERTIA OF FLUID TO BE PUMPED {(evacuating by sorption F04B)}; SIPHONS {(conveying materials in bulk by flows of gas, liquid of foam B65G53/00)}"
F05B,"INDEXING SCHEME RELATING TO WIND, SPRING, WEIGHT, INERTIA OR LIKE MOTORS, TO MACHINES OR ENGINES FOR LIQUIDS COVERED BY SUBCLASSES F03B, F03D AND F03G"
F05D,"INDEXING SCHEME FOR ASPECTS RELATING TO NON-POSITIVE-DISPLACEMENT MACHINES OR ENGINES, GAS-TURBINES OR JET-PROPULSION PLANTS"
F15B,"SYSTEMS ACTING BY MEANS OF FLUIDS IN GENERAL; FLUID-PRESSURE ACTUATORS, e.g. SERVOMOTORS; DETAILS OF FLUID-PRESSURE SYSTEMS, NOT OTHERWISE PROVIDED FOR"
F15C,"FLUID-CIRCUIT ELEMENTS PREDOMINANTLY USED FOR COMPUTING OR CONTROL PURPOSES (transducers F15B5/00, {F15B21/00}; fluid dynamics in general F15D; computer comprising fluid elements G06D, G06G; {electric control by means of electro-hydraulic or electro-pneumatic amplifiers G05B7/02})"
F15D,"FLUID DYNAMICS, i.e. METHODS OR MEANS FOR INFLUENCING THE FLOW OF GASES OR LIQUIDS"
F16B,"DEVICES FOR FASTENING OR SECURING CONSTRUCTIONAL ELEMENTS OR MACHINE PARTS TOGETHER, e.g. NAILS, BOLTS, CIRCLIPS, CLAMPS, CLIPS OR WEDGES; JOINTS OR JOINTING (couplings for transmitting rotation F16D)"
F16C,SHAFTS; FLEXIBLE SHAFTS; ELEMENTS OR CRANKSHAFT MECHANISMS; ROTARY BODIES OTHER THAN GEARING ELEMENTS; BEARINGS
F16D,COUPLINGS FOR TRANSMITTING ROTATION; CLUTCHES; BRAKES
F16F,SPRINGS; SHOCK-ABSORBERS; MEANS FOR DAMPING VIBRATION
F16G,"BELTS, CABLES, OR ROPES, PREDOMINANTLY USED FOR DRIVING PURPOSES; CHAINS; FITTINGS PREDOMINANTLY USED THEREFOR"
F16H,GEARING
F16J,PISTONS {(specially adapted for dampers F16F9/32)}; CYLINDERS; SEALINGS
F16K,VALVES; TAPS; COCKS; ACTUATING-FLOATS; DEVICES FOR VENTING OR AERATING {(devices for emptying and evacuating the excess liquid in valves or conduits F16L55/07)}
F16L,"PIPES; JOINTS OR FITTINGS FOR PIPES; SUPPORTS FOR PIPES, CABLES OR PROTECTIVE TUBING; MEANS FOR THERMAL INSULATION IN GENERAL"
F16M,"FRAMES, CASINGS OR BEDS OF ENGINES, MACHINES OR APPARATUS, NOT SPECIFIC TO ENGINES, MACHINES OR APPARATUS PROVIDED FOR ELSEWHERE; STANDS; SUPPORTS"
F16N,LUBRICATING
F16P,SAFETY DEVICES IN GENERAL; {SAFETY DEVICES FOR PRESSES}
F16S,"CONSTRUCTIONAL ELEMENTS IN GENERAL; STRUCTURES BUILT-UP FROM SUCH ELEMENTS, IN GENERAL"
F16T,STEAM TRAPS OR LIKE APPARATUS FOR DRAINING-OFF LIQUIDS FROM ENCLOSURES PREDOMINANTLY CONTAINING GASES OR VAPOURS
F17B,"GAS-HOLDERS OF VARIABLE CAPACITY (self-acting gas cut-off devices A47J27/62, G05D; flame traps A62C4/00; gas mixers B01F, F16K11/00, G05D11/00; construction or assembling of bulk storage containers employing civil-engineering techniques E04H7/00, gas compressors F04; valves F16K; damping pulsations in valves or pipes F16K, F16L; pipes F16L; stopping devices for gas mains F16L55/10; vessels adapted for storing compressed, liquefied, or solidified gases F17C; gas distribution systems F17D1/04; detecting leakage F17D5/02, G01M; supervising or alarm devices F17D5/02, G08B; control of combustion in burners F23N; gas flow or pressure regulators G05D)"
F17C,"VESSELS FOR CONTAINING OR STORING COMPRESSED, LIQUEFIED OR SOLIDIFIED GASES; FIXED-CAPACITY GAS-HOLDERS; FILLING VESSELS WITH, OR DISCHARGING FROM VESSELS, COMPRESSED, LIQUEFIED, OR SOLIDIFIED GASES (storing fluids in natural or artificial cavities or chambers in the earth B65G5/00; construction or assembling of bulk storage containers employing civil-engineering techniques E04H7/00; variable-capacity gas-holders F17B; liquefaction or refrigeration machines, plants, or systems F25)"
F17D,"PIPE-LINE SYSTEMS; PIPE-LINES (pumps or compressors F04; fluid dynamics F15D; valves or the like F16K; pipes, laying pipes, supports, joints, branches, repairing, work on the entire line, accessories F16L; steam traps or the like F16T; fluid-pressure electric cables H01B9/06)"
F21H,INCANDESCENT MANTLES; OTHER INCANDESCENT BODIES HEATED BY COMBUSTION
F21K,NON-ELECTRIC LIGHT SOURCES USING LUMINESCENCE; LIGHT SOURCES USING ELECTROCHEMILUMINESCENCE; LIGHT SOURCES USING CHARGES OF COMBUSTIBLE MATERIAL; LIGHT SOURCES USING SEMICONDUCTOR DEVICES AS LIGHT-GENERATING ELEMENTS; LIGHT SOURCES NOT OTHERWISE PROVIDED FOR
F21L,"LIGHTING DEVICES OR SYSTEMS THEREOF, BEING PORTABLE OR SPECIALLY ADAPTED FOR TRANSPORTATION"
F21S,NON-PORTABLE LIGHTING DEVICES; SYSTEMS THEREOF; VEHICLE LIGHTING DEVICES SPECIALLY ADAPTED FOR VEHICLE EXTERIORS
F21V,"FUNCTIONAL FEATURES OR DETAILS OF LIGHTING DEVICES OR SYSTEMS THEREOF; STRUCTURAL COMBINATIONS OF LIGHTING DEVICES WITH OTHER ARTICLES, NOT OTHERWISE PROVIDED FOR"
F21W,"INDEXING SCHEME ASSOCIATED WITH SUBCLASSES F21K, F21L, F21S and F21V, RELATING TO USES OR APPLICATIONS OF LIGHTING DEVICES OR SYSTEMS"
F21Y,"INDEXING SCHEME ASSOCIATED WITH SUBCLASSES F21K, F21L, F21S and F21V, RELATING TO THE FORM OR THE KIND OF THE LIGHT SOURCES OR OF THE COLOUR OF THE LIGHT EMITTED"
F22B,METHODS OF STEAM GENERATION; STEAM BOILERS
F22D,"PREHEATING, OR ACCUMULATING PREHEATED, FEED-WATER FOR STEAM GENERATION; FEED-WATER SUPPLY FOR STEAM GENERATION; CONTROLLING WATER LEVEL FOR STEAM GENERATION; AUXILIARY DEVICES FOR PROMOTING WATER CIRCULATION WITHIN STEAM BOILERS"
F22G,SUPERHEATING OF STEAM
F23B,"METHODS OR APPARATUS FOR COMBUSTION USING ONLY SOLID FUEL (for combustion of fuels that are solid at room temperatures, but burned in melted form, e.g. candle wax, C11C5/00, F23C, F23D; using solid fuel suspended in air F23C, F23D1/00; using solid fuel suspended in liquids F23C, F23D11/00; using solid fuel together with fluid fuel or with solid fuel suspended in air, simultaneously or alternately, F23C, F23D17/00)"
F23C,METHODS OR APPARATUS FOR COMBUSTION USING FLUID FUEL OR SOLID FUEL SUSPENDED IN {A CARRIER GAS OR} AIR (burners F23D)
F23D,BURNERS
F23G,CREMATION FURNACES; CONSUMING WASTE PRODUCTS BY COMBUSTION
F23H,GRATES (inlets for fluidisation air for fluidised bed combustion apparatus F23C10/20); CLEANING OR RAKING GRATES
F23J,"REMOVAL OR TREATMENT OF COMBUSTION PRODUCTS OR COMBUSTION RESIDUES; FLUES (combustion apparatus for consuming smoke or fumes, e.g. exhaust gases, F23G7/06)"
F23K,FEEDING FUEL TO COMBUSTION APPARATUS (fuel feeders specially adapted for fluidised bed combustion apparatus F23C10/22)
F23L,SUPPLYING AIR OR NON-COMBUSTIBLE LIQUIDS OR GASES TO COMBUSTION APPARATUS IN GENERAL ({air-supply arrangements for fluent fuels F23C;} firebridges with means for feeding air or steam F23M3/04; baffles or shields with air supply passages F23M9/04); VALVES OR DAMPERS SPECIALLY ADAPTED FOR CONTROLLING AIR SUPPLY OR DRAUGHT IN COMBUSTION APPARATUS {(dampers and throat restrictors for open fire-places F24; air inlet valves for open fire fronts F24)}; INDUCING DRAUGHT IN COMBUSTION APPARATUS; TOPS FOR CHIMNEYS OR VENTILATING SHAFTS; TERMINALS FOR FLUES
F23M,"CASINGS, LININGS, WALLS OR DOORS SPECIALLY ADAPTED FOR COMBUSTION CHAMBERS, e.g. FIREBRIDGES; DEVICES FOR DEFLECTING AIR, FLAMES OR COMBUSTION PRODUCTS IN COMBUSTION CHAMBERS; SAFETY ARRANGEMENTS SPECIALLY ADAPTED FOR COMBUSTION APPARATUS; DETAILS OF COMBUSTION CHAMBERS, NOT OTHERWISE PROVIDED FOR"
F23N,REGULATING OR CONTROLLING COMBUSTION (control devices specially adapted for combustion apparatus in which combustion takes place in a fluidised bed of fuel or other particles F23C10/28; condition responsive controls for regulating combustion in domestic stoves with open fires for solid fuel F24B1/187)
F23Q,"IGNITION (devices or installations peculiar to internal-combustion engines F02P; of cigarettes or tobacco A24F; compositions therefor, chemical igniters C06C); EXTINGUISHING-DEVICES"
F23R,"GENERATING COMBUSTION PRODUCTS OF HIGH PRESSURE OR HIGH VELOCITY, e.g. GAS-TURBINE COMBUSTION CHAMBERS (fluidised bed combustion apparatus specially adapted for operation at superatmospheric pressures F23C10/16)"
F24B,"DOMESTIC STOVES OR RANGES FOR SOLID FUELS (for solid fuels in combination with gaseous fuels, liquid fuels or other kinds of energy supply F24C1/02); IMPLEMENTS FOR USE IN CONNECTION WITH STOVES OR RANGES"
F24C,"DOMESTIC STOVES OR RANGES (exclusively for solid fuels F24B); DETAILS OF DOMESTIC STOVES OR RANGES, OF GENERAL APPLICATION"
F24D,"DOMESTIC- OR SPACE-HEATING SYSTEMS, e.g. CENTRAL HEATING SYSTEMS; DOMESTIC HOT-WATER SUPPLY SYSTEMS; ELEMENTS OR COMPONENTS THEREFOR (using steam or condensate extracted or exhausted from steam engine plants for heating purposes F01K17/02)"
F24F,"AIR-CONDITIONING; AIR-HUMIDIFICATION; VENTILATION; USE OF AIR CURRENTS FOR SCREENING (removing dirt or fumes from areas where they are produced B08B15/00; vertical ducts for carrying away waste gases from buildings E04F17/02; tops for chimneys or ventilating shafts, terminals for flues F23L17/02)"
F24H,"FLUID HEATERS, e.g. WATER OR AIR HEATERS, HAVING HEAT-GENERATING MEANS, e.g. HEAT PUMPS, IN GENERAL (steam generation F22)"
F24S,SOLAR HEAT COLLECTORS; SOLAR HEAT SYSTEMS (for producing mechanical power from solar energy F03G6/00)
F24T,GEOTHERMAL COLLECTORS; GEOTHERMAL SYSTEMS
F24V,"COLLECTION, PRODUCTION OR USE OF HEAT NOT OTHERWISE PROVIDED FOR"
F25B,"REFRIGERATION MACHINES, PLANTS OR SYSTEMS; COMBINED HEATING AND REFRIGERATION SYSTEMS; HEAT PUMP SYSTEMS"
F25C,"PRODUCING, WORKING OR HANDLING ICE"
F25D,"REFRIGERATORS; COLD ROOMS; ICE-BOXES; COOLING OR FREEZING APPARATUS NOT OTHERWISE PROVIDED FOR (refrigerated showcases A47F3/04; thermally-insulated vessels for domestic use A47J41/00; refrigerated vehicles, see the appropriate subclasses of classes B60 - B64; containers with thermal insulation in general B65D81/38; heat-transfer, heat-exchange or heat-storage materials, e.g. refrigerants, or materials for the production of heat or cold by chemical reactions other than by combustion C09K5/00; thermally-insulated vessels for liquefied or solidified gases F17C; air-conditioning or air-humidification F24F; refrigeration machines, plants, or systems F25B; cooling of instruments or comparable apparatus without refrigeration G12B)"
F25J,"LIQUEFACTION, SOLIDIFICATION OR SEPARATION OF GASES OR GASEOUS {OR LIQUEFIED GASEOUS} MIXTURES BY PRESSURE AND COLD TREATMENT {OR BY BRINGING THEM INTO THE SUPERCRITICAL STATE (cryogenic pumps F04B37/08; gas storage vessels, gas holders F17; filing vessels with, or discharging from vessels, compressed, liquefied or solidified gases F17C; refrigeration machines, plants, or systems F25B)}"
F26B,"DRYING SOLID MATERIALS OR OBJECTS BY REMOVING LIQUID THEREFROM (drying devices for combines A01D41/133; racks for drying fruit or vegetables A01F25/12; drying foodstuffs A23; drying hair A45D20/00; body-drying implements A47K10/00; drying household articles A47L; drying gases or vapours B01D; chemical or physical processes for dewatering or like separating liquids from solids B01D43/00; centrifugal apparatus B04; drying ceramics C04B33/30; drying yarns or fabrics in association with some other form of treatment D06C; drying frames for laundry without heating or positive air circulation, domestic laundry-or spin-driers, wringing or hot pressing laundry D06F; furnaces, kilns, ovens F27)"
F27B,"FURNACES, KILNS, OVENS OR RETORTS IN GENERAL; OPEN SINTERING OR LIKE APPARATUS"
F27D,"DETAILS OR ACCESSORIES OF FURNACES, KILNS, OVENS OR RETORTS, IN SO FAR AS THEY ARE OF KINDS OCCURRING IN MORE THAN ONE KIND OF FURNACE"
F28B,STEAM OR VAPOUR CONDENSERS (condensation of vapours B01D5/00; steam engine plants having condensers F01K; liquefaction of gases F25J; details of heat-exchange and heat-transfer arrangements of general application F28F)
F28C,"HEAT-EXCHANGE APPARATUS, NOT PROVIDED FOR IN ANOTHER SUBCLASS, IN WHICH THE HEAT-EXCHANGE MEDIA COME INTO DIRECT CONTACT WITHOUT CHEMICAL INTERACTION (safety devices in general F16P; fluid heaters having heat generating means F24H; with an intermediate heat-transfer medium coming into direct contact with heat-exchange media F28D15/00 - F28D19/00; details of heat-exchange apparatus of general application F28F)"
F28D,"HEAT-EXCHANGE APPARATUS, NOT PROVIDED FOR IN ANOTHER SUBCLASS, IN WHICH THE HEAT-EXCHANGE MEDIA DO NOT COME INTO DIRECT CONTACT (fluid heaters having heat generating means and heat transferring means F24H; furnaces F27; details of heat-exchange apparatus of general)"
F28F,"DETAILS OF HEAT-EXCHANGE AND HEAT-TRANSFER APPARATUS, OF GENERAL APPLICATION (water and air traps, air venting F16)"
F28G,"CLEANING OF INTERNAL OR EXTERNAL SURFACES OF HEAT-EXCHANGE OR HEAT-TRANSFER CONDUITS, e.g. WATER TUBES OR BOILERS (cleaning pipes or tubes in general B08B9/02; devices or arrangements for removing water, minerals, or sludge from boilers while the boiler is in operation, or which remain in position while the boiler is in operation, or are specifically adapted to boilers without any other utility F22B37/48; removal or treatment of combustion products or combustion residues F23J; removing ice from heat-exchange apparatus F28F17/00)"
F41A,"FUNCTIONAL FEATURES OR DETAILS COMMON TO BOTH SMALLARMS AND ORDNANCE, e.g. CANNONS; MOUNTINGS FOR SMALLARMS OR ORDNANCE"
F41B,"WEAPONS FOR PROJECTING MISSILES WITHOUT USE OF EXPLOSIVE OR COMBUSTIBLE PROPELLANT CHARGE; WEAPONS NOT OTHERWISE PROVIDED FOR (projectiles for fishing, e.g. fish-spears, A01K81/00; sports implements for throwing A63B65/00, e.g. boomerangs A63B65/08; stationary apparatus for projecting sports balls, e.g. tennis balls, A63B69/40; throwing or slinging toys A63H33/18; knives, axes B26B; projectiles or missiles other than those incorporating springs as projecting means F42B6/00)"
F41C,"SMALLARMS, e.g. PISTOLS, RIFLES (functional features or details common to both smallarms and ordnance, mountings therefor F41A; projecting missiles without use of explosive or combustible propellant charge F41B); ACCESSORIES THEREFOR"
F41F,"APPARATUS FOR LAUNCHING PROJECTILES OR MISSILES FROM BARRELS, e.g. CANNONS (smallarms F41C); LAUNCHERS FOR ROCKETS OR TORPEDOES; HARPOON GUNS (functional features or details common to both smallarms and ordnance, mountings therefor F41A; projecting missiles without use of explosive or combustible propellant charge F41B)"
F41G,WEAPON SIGHTS; AIMING (optical aspects thereof G02B)
F41H,"ARMOUR; ARMOURED TURRETS; ARMOURED OR ARMED VEHICLES; MEANS OF ATTACK OR DEFENCE, e.g. CAMOUFLAGE, IN GENERAL"
F41J,TARGETS; TARGET RANGES; BULLET CATCHERS {(targets for shooting or hurling games A63F9/0204)}
F42B,"EXPLOSIVE CHARGES, e.g. FOR BLASTING, FIREWORKS, AMMUNITION (explosive compositions C06B; fuzes F42C; blasting F42D)"
F42C,AMMUNITION FUZES (blasting cartridge initiators F42B3/10; chemical aspects C06C); ARMING OR SAFETY MEANS THEREFOR (filling fuzes F42B33/02; fitting or extracting primers in or from fuzes F42B33/04; containers for fuzes F42B39/30)
F42D,"BLASTING (fuses, e.g. fuse cords, C06C5/00; {for obtaining fluid from wells E21B43/00; for mining or quarrying E21C37/00; for making tunnels or galleries E21D9/006}; cartridges F42B3/00)"
G01B,"MEASURING LENGTH, THICKNESS OR SIMILAR LINEAR DIMENSIONS; MEASURING ANGLES; MEASURING AREAS; MEASURING IRREGULARITIES OF SURFACES OR CONTOURS"
G01C,"MEASURING DISTANCES, LEVELS OR BEARINGS; SURVEYING; NAVIGATION; GYROSCOPIC INSTRUMENTS; PHOTOGRAMMETRY OR VIDEOGRAMMETRY (measuring liquid level G01F; radio navigation, determining distance or velocity by use of propagation effects, e.g. Doppler effects, propagation time, of radio waves, analogous arrangements using other waves G01S)"
G01D,MEASURING NOT SPECIALLY ADAPTED FOR A SPECIFIC VARIABLE; ARRANGEMENTS FOR MEASURING TWO OR MORE VARIABLES NOT COVERED IN A SINGLE OTHER SUBCLASS; TARIFF METERING APPARATUS; MEASURING OR TESTING NOT OTHERWISE PROVIDED FOR
G01F,"MEASURING VOLUME, VOLUME FLOW, MASS FLOW OR LIQUID LEVEL; METERING BY VOLUME"
G01G,WEIGHING (sorting by weighing B07C5/16)
G01H,"MEASUREMENT OF MECHANICAL VIBRATIONS OR ULTRASONIC, SONIC OR INFRASONIC WAVES"
G01J,"MEASUREMENT OF INTENSITY, VELOCITY, SPECTRAL CONTENT, POLARISATION, PHASE OR PULSE CHARACTERISTICS OF INFRARED, VISIBLE OR ULTRAVIOLET LIGHT; COLORIMETRY; RADIATION PYROMETRY (light sources F21, H01J, H01K, H05B; investigating properties of materials by optical means G01N)"
G01K,MEASURING TEMPERATURE; MEASURING QUANTITY OF HEAT; THERMALLY-SENSITIVE ELEMENTS NOT OTHERWISE PROVIDED FOR (radiation pyrometry G01J5/00)
G01L,"MEASURING FORCE, STRESS, TORQUE, WORK, MECHANICAL POWER, MECHANICAL EFFICIENCY, OR FLUID PRESSURE (weighing G01G)"
G01M,"TESTING STATIC OR DYNAMIC BALANCE OF MACHINES OR STRUCTURES; TESTING OF STRUCTURES OR APPARATUS, NOT OTHERWISE PROVIDED FOR"
G01N,"INVESTIGATING OR ANALYSING MATERIALS BY DETERMINING THEIR CHEMICAL OR PHYSICAL PROPERTIES (measuring or testing apparatus or processes other than immunoassay, involving enzymes or microorganisms C12M, C12Q)"
G01P,"MEASURING LINEAR OR ANGULAR SPEED, ACCELERATION, DECELERATION, OR SHOCK; INDICATING PRESENCE, ABSENCE, OR DIRECTION, OF MOVEMENT (measuring or recording blood flow A61B5/02, A61B8/06; monitoring speed or deceleration of electrically-propelled vehicles B60L3/00; vehicle lighting systems adapted to indicate speed B60Q1/54; determining position or course in navigation, measuring ground distance in geodesy or surveying G01C; combined measuring devices for measuring two or more variables of movement G01C23/00; measuring velocity of sound G01H; measuring velocity of light G01J7/00; measuring direction or velocity of solid objects by reception or emission of radiowaves or other waves and based on propagation effects, e.g. Doppler effect, propagation time, direction of propagation, G01S; measuring speed of nuclear radiation G01T; measuring acceleration of gravity G01V; {measuring or recording the speed of trains B61L23/00; speed indicators incorporated in motor vehicles B60K35/00; measuring frequency or phase G01R; traffic control G08G})"
G01Q,"SCANNING-PROBE TECHNIQUES OR APPARATUS; APPLICATIONS OF SCANNING-PROBE TECHNIQUES, e.g. SCANNING PROBE MICROSCOPY [SPM]"
G01R,MEASURING ELECTRIC VARIABLES; MEASURING MAGNETIC VARIABLES (indicating correct tuning of resonant circuits H03J3/12)
G01S,RADIO DIRECTION-FINDING; RADIO NAVIGATION; DETERMINING DISTANCE OR VELOCITY BY USE OF RADIO WAVES; LOCATING OR PRESENCE-DETECTING BY USE OF THE REFLECTION OR RERADIATION OF RADIO WAVES; ANALOGOUS ARRANGEMENTS USING OTHER WAVES
G01T,"MEASUREMENT OF NUCLEAR OR X-RADIATION (radiation analysis of materials, mass spectrometry G01N23/00; tubes for determining the presence, intensity, density or energy of radiation or particles H01J47/00)"
G01V,"GEOPHYSICS; GRAVITATIONAL MEASUREMENTS; DETECTING MASSES OR OBJECTS; TAGS (means for indicating the location of accidentally buried, e.g. snow-buried, persons A63B29/02)"
G01W,"METEOROLOGY (radar, sonar, lidar or analogous systems, designed for meteorological use G01S13/95, G01S15/88, G01S17/95)"
G02B,"OPTICAL ELEMENTS, SYSTEMS OR APPARATUS"
G02C,SPECTACLES; SUNGLASSES OR GOGGLES INSOFAR AS THEY HAVE THE SAME FEATURES AS SPECTACLES; CONTACT LENSES (trial frames for testing the eyes A61B3/04; goggles or eyeshields not having the same features as spectacles A61F9/00)
G02F,OPTICAL DEVICES OR ARRANGEMENTS FOR THE CONTROL OF LIGHT BY MODIFICATION OF THE OPTICAL PROPERTIES OF THE MEDIA OF THE ELEMENTS INVOLVED THEREIN; NON-LINEAR OPTICS; FREQUENCY-CHANGING OF LIGHT; OPTICAL LOGIC ELEMENTS; OPTICAL ANALOGUE/DIGITAL CONVERTERS
G03B,APPARATUS OR ARRANGEMENTS FOR TAKING PHOTOGRAPHS OR FOR PROJECTING OR VIEWING THEM; APPARATUS OR ARRANGEMENTS EMPLOYING ANALOGOUS TECHNIQUES USING WAVES OTHER THAN OPTICAL WAVES; ACCESSORIES THEREFOR (optical parts of such apparatus G02B; photosensitive materials or processes for photographic purposes G03C; apparatus for processing exposed photographic materials G03D)
G03C,"PHOTOSENSITIVE MATERIALS FOR PHOTOGRAPHIC PURPOSES (for photomechanical purposes G03F); PHOTOGRAPHIC PROCESSES, e.g. CINE, X-RAY, COLOUR, STEREO-PHOTOGRAPHIC PROCESSES; AUXILIARY PROCESSES IN PHOTOGRAPHY (photographic processes characterised by the use or manipulation of apparatus classifiable per se in subclass G03B, see G03B; photomechanical production of textured or patterned surfaces G03F; electrophotography, magnetography G03G)"
G03D,"APPARATUS FOR PROCESSING EXPOSED PHOTOGRAPHIC MATERIALS (apparatus specially adapted for photomechanical production of textured or patterned surfaces G03F); ACCESSORIES THEREFOR (photosensitive materials or processes for photographic purposes G03C; electrographic, electrophotographic, or magnetographic methods or apparatus G03G)"
G03F,"PHOTOMECHANICAL PRODUCTION OF TEXTURED OR PATTERNED SURFACES, e.g. FOR PRINTING, FOR PROCESSING OF SEMICONDUCTOR DEVICES; MATERIALS THEREFOR; ORIGINALS THEREFOR; APPARATUS SPECIALLY ADAPTED THEREFOR; (phototypographic composing devices B41B; photosensitive materials or processes for photographic purposes G03C; electrophotography, sensitive layers or processes therefor G03G)"
G03G,ELECTROGRAPHY; ELECTROPHOTOGRAPHY; MAGNETOGRAPHY
G03H,"HOLOGRAPHIC PROCESSES OR APPARATUS (holograms, e.g. point holograms, used as ordinary optical elements G02B5/32; producing stereoscopic or other three-dimensional effects G02B30/00; diffraction-grating systems G02B27/44; systems using moiré fringes G02B27/60; optical logic elements G02F3/00; stereo-photography G03B35/00; photosensitive materials or processes for photographic purposes G03C; {stereo-photographic or similar processes G03C9/00}; apparatus for processing exposed photographic materials G03D; analogue computers performing mathematical operations with the aid of optical elements G06E3/00; authentication by radiation, of concealed information carried by holograms or diffraction gratings G06K19/16; holographic storage G11B7/0065, G11C13/04; {stereoscopic or other three dimensional effects in television systems H04N13/00})"
G04B,"MECHANICALLY-DRIVEN CLOCKS OR WATCHES; MECHANICAL PARTS OF CLOCKS OR WATCHES IN GENERAL; TIME PIECES USING THE POSITION OF THE SUN, MOON OR STARS (spring- or weight-driven mechanisms in general F03G; electromechanical clocks or watches G04C; electromechanical clocks with attached or built-in means operating any device at pre-selected times or after predetermined time intervals G04C23/00; clocks or watches with stop devices G04F7/08)"
G04C,ELECTROMECHANICAL CLOCKS OR WATCHES
G04D,APPARATUS OR TOOLS SPECIALLY DESIGNED FOR MAKING OR MAINTAINING CLOCKS OR WATCHES
G04F,"TIME-INTERVAL MEASURING (measuring pulse characteristics G01R, e.g. G01R29/02; in radar or like systems G01S)"
G04G,ELECTRONIC TIME-PIECES
G04R,RADIO-CONTROLLED TIME-PIECES
G05B,CONTROL OR REGULATING SYSTEMS IN GENERAL; FUNCTIONAL ELEMENTS OF SUCH SYSTEMS; MONITORING OR TESTING ARRANGEMENTS FOR SUCH SYSTEMS OR ELEMENTS (systems for controlling or regulating non-electric variables G05D; systems for regulating electric or magnetic variables G05F; control devices or systems insofar as characterised by mechanical features only G05G)
G05D,SYSTEMS FOR CONTROLLING OR REGULATING NON-ELECTRIC VARIABLES
G05F,SYSTEMS FOR REGULATING ELECTRIC OR MAGNETIC VARIABLES
G05G,"CONTROL DEVICES OR SYSTEMS INSOFAR AS CHARACTERISED BY MECHANICAL FEATURES ONLY (""Bowden"" or like mechanisms F16C1/10; gearings or mechanisms not peculiar to this purpose F16H; speed changing or reversing mechanisms for gearings conveying rotary motion F16H59/00 - F16H63/00)"
G06C,DIGITAL COMPUTERS IN WHICH ALL THE COMPUTATION IS EFFECTED MECHANICALLY (score computers for card games A63F1/18)
G06D,DIGITAL FLUID-PRESSURE COMPUTING DEVICES
G06E,OPTICAL COMPUTING DEVICES (digital storage using optical elements G11C13/04)
G06F,ELECTRIC DIGITAL DATA PROCESSING (computer systems based on specific computational models G06N)
G06G,ANALOGUE COMPUTERS (analogue optical computing devices G06E3/00)
G06J,HYBRID COMPUTING ARRANGEMENTS (optical hybrid computing devices G06E3/00)
G06K,GRAPHICAL DATA READING (image or video recognition or understanding G06V); PRESENTATION OF DATA; RECORD CARRIERS; HANDLING RECORD CARRIERS
G06M,COUNTING MECHANISMS; COUNTING OF OBJECTS NOT OTHERWISE PROVIDED FOR
G06N,COMPUTING ARRANGEMENTS BASED ON SPECIFIC COMPUTATIONAL MODELS
G06Q,"INFORMATION AND COMMUNICATION TECHNOLOGY [ICT] SPECIALLY ADAPTED FOR ADMINISTRATIVE, COMMERCIAL, FINANCIAL, MANAGERIAL OR SUPERVISORY PURPOSES; SYSTEMS OR METHODS SPECIALLY ADAPTED FOR ADMINISTRATIVE, COMMERCIAL, FINANCIAL, MANAGERIAL OR SUPERVISORY PURPOSES, NOT OTHERWISE PROVIDED FOR"
G06T,"IMAGE DATA PROCESSING OR GENERATION, IN GENERAL"
G06V,IMAGE OR VIDEO RECOGNITION OR UNDERSTANDING
G07B,TICKET-ISSUING APPARATUS; FARE-REGISTERING APPARATUS; FRANKING APPARATUS
G07C,"TIME OR ATTENDANCE REGISTERS; REGISTERING OR INDICATING THE WORKING OF MACHINES; GENERATING RANDOM NUMBERS; VOTING OR LOTTERY APPARATUS; ARRANGEMENTS, SYSTEMS OR APPARATUS FOR CHECKING NOT PROVIDED FOR ELSEWHERE"
G07D,"HANDLING OF COINS OR VALUABLE PAPERS, e.g. TESTING, SORTING BY DENOMINATIONS, COUNTING, DISPENSING, CHANGING OR DEPOSITING"
G07F,"COIN-FREED OR LIKE APPARATUS (coin sorting G07D3/00; coin testing G07D5/00; {handling coins or paper currencies apart from payment activated apparatus G07D; payment architectures, schemes or protocols G06Q20/00})"
G07G,"REGISTERING THE RECEIPT OF CASH, VALUABLES, OR TOKENS"
G08B,"SIGNALLING SYSTEMS, e.g. PERSONAL CALLING SYSTEMS; ORDER TELEGRAPHS; ALARM SYSTEMS"
G08C,"TRANSMISSION SYSTEMS FOR MEASURED VALUES, CONTROL OR SIMILAR SIGNALS (fluid pressure transmitting systems F15B; mechanical means for transferring the output of a sensing member into a different variable G01D5/00; mechanical control systems G05G)"
G08G,"TRAFFIC CONTROL SYSTEMS (guiding railway traffic, ensuring the safety of railway traffic B61L; arrangement of road signs or traffic signals E01F9/00; radar or analogous systems, sonar systems, lidar systems specially adapted for traffic control G01S13/91, G01S15/88, G01S17/88; {radar or analogous systems, sonar systems, lidar systems specially adapted for anti-collision purposes G01S13/93, G01S15/93, G01S17/93})"
G09B,"EDUCATIONAL OR DEMONSTRATION APPLIANCES; APPLIANCES FOR TEACHING, OR COMMUNICATING WITH, THE BLIND, DEAF OR MUTE; MODELS; PLANETARIA; GLOBES; MAPS; DIAGRAMS (devices for psychotechnics or for testing reaction times A61B5/16; games, sports, amusements A63; projectors, projector screens G03B)"
G09C,CIPHERING OR DECIPHERING APPARATUS FOR CRYPTOGRAPHIC OR OTHER PURPOSES INVOLVING THE NEED FOR SECRECY
G09D,RAILWAY OR LIKE TIME OR FARE TABLES; PERPETUAL CALENDARS (calendar blocks B42D5/04; clockwork driven G04B; comprising computing means G06C)
G09F,DISPLAYING; ADVERTISING; SIGNS; LABELS OR NAME-PLATES; SEALS
G09G,"ARRANGEMENTS OR CIRCUITS FOR CONTROL OF INDICATING DEVICES USING STATIC MEANS TO PRESENT VARIABLE INFORMATION (arrangements for transferring data between digital computers and displays G06F3/14; static indicating arrangements comprising an association of a number of separate sources or light control cells G09F9/00; static indicating arrangements comprising integral associations of a number of light sources H01J, H01K, H10H, H05B33/12; scanning, transmission or reproduction of documents or the like, e.g. facsimile transmission, details thereof H04N1/00)"
G10B,"ORGANS, HARMONIUMS OR SIMILAR WIND MUSICAL INSTRUMENTS WITH ASSOCIATED BLOWING APPARATUS (accordions, concertinas or the like or keyboards therefor G10D11/00; automatic wind instruments G10F1/12)"
G10C,"PIANOS, HARPSICHORDS, SPINETS OR SIMILAR STRINGED MUSICAL INSTRUMENTS WITH ONE OR MORE KEYBOARDS (automatic musical instruments G10F)"
G10D,"STRINGED MUSICAL INSTRUMENTS; WIND MUSICAL INSTRUMENTS; ACCORDIONS OR CONCERTINAS; PERCUSSION MUSICAL INSTRUMENTS; AEOLIAN HARPS; SINGING-FLAME MUSICAL INSTRUMENTS; MUSICAL INSTRUMENTS NOT OTHERWISE PROVIDED FOR (organs, harmoniums or similar wind musical instruments with associated blowing apparatus G10B; pianos, harpsichords, spinets or similar stringed musical instruments with one or more keyboards G10C; automatic musical instruments G10F; electrophonic musical instruments in which tones are generated by electromechanical means G10H)"
G10F,AUTOMATIC MUSICAL INSTRUMENTS (non-musical aspects of toy instruments A63H5/00; sound recording or reproducing G11B; working in association with recording or reproducing apparatus G11B31/02)
G10G,"REPRESENTATION OF MUSIC; RECORDING MUSIC IN NOTATION FORM; ACCESSORIES FOR MUSIC OR MUSICAL INSTRUMENTS NOT OTHERWISE PROVIDED FOR, e.g. SUPPORTS (music stands A47B; non-musical aspects of musical toy instruments A63H5/00; metronomes G04F5/02; teaching music G09B15/00)"
G10H,"ELECTROPHONIC MUSICAL INSTRUMENTS; INSTRUMENTS IN WHICH THE TONES ARE GENERATED BY ELECTROMECHANICAL MEANS OR ELECTRONIC GENERATORS, OR IN WHICH THE TONES ARE SYNTHESISED FROM A DATA STORE"
G10K,"SOUND-PRODUCING DEVICES; METHODS OR DEVICES FOR PROTECTING AGAINST, OR FOR DAMPING, NOISE OR OTHER ACOUSTIC WAVES IN GENERAL; ACOUSTICS NOT OTHERWISE PROVIDED FOR"
G10L,SPEECH ANALYSIS TECHNIQUES OR SPEECH SYNTHESIS; SPEECH RECOGNITION; SPEECH OR VOICE PROCESSING TECHNIQUES; SPEECH OR AUDIO CODING OR DECODING
G11B,"INFORMATION STORAGE BASED ON RELATIVE MOVEMENT BETWEEN RECORD CARRIER AND TRANSDUCER (recording measured values in a way that does not require playback through a transducer G01D9/00; recording or playback apparatus using mechanically marked tape, e.g. punched paper tape, or using unit records, e.g. punched or magnetically marked cards G06K; transferring data from one type of record carrier to another G06K1/18; circuits for coupling output of reproducer to radio receiver H04B1/20; gramophone pick-ups or like acoustic electromechanical transducers or circuits therefor H04R)"
G11C,STATIC STORES (semiconductor memory devices H10B)
G12B,"CONSTRUCTIONAL DETAILS OF INSTRUMENTS, OR COMPARABLE DETAILS OF OTHER APPARATUS, NOT OTHERWISE PROVIDED FOR"
G16B,"BIOINFORMATICS, i.e. INFORMATION AND COMMUNICATION TECHNOLOGY [ICT] SPECIALLY ADAPTED FOR GENETIC OR PROTEIN-RELATED DATA PROCESSING IN COMPUTATIONAL MOLECULAR BIOLOGY"
G16C,COMPUTATIONAL CHEMISTRY; CHEMOINFORMATICS; COMPUTATIONAL MATERIALS SCIENCE
G16H,"HEALTHCARE INFORMATICS, i.e. INFORMATION AND COMMUNICATION TECHNOLOGY [ICT] SPECIALLY ADAPTED FOR THE HANDLING OR PROCESSING OF MEDICAL OR HEALTHCARE DATA"
G16Y,INFORMATION AND COMMUNICATION TECHNOLOGY SPECIALLY ADAPTED FOR THE INTERNET OF THINGS [IoT]
G21B,FUSION REACTORS (uncontrolled reactors G21J)
G21C,"NUCLEAR REACTORS (fusion reactors, hybrid fission-fusion reactors G21B; nuclear explosives G21J)"
G21D,NUCLEAR POWER PLANT
G21F,"PROTECTION AGAINST X-RADIATION, GAMMA RADIATION, CORPUSCULAR RADIATION OR PARTICLE BOMBARDMENT; TREATING RADIOACTIVELY CONTAMINATED MATERIAL; DECONTAMINATION ARRANGEMENTS THEREFOR (radiation protection by pharmaceutical means A61K8/00, A61Q17/04; in cosmonautic vehicles B64G1/54; combined with a reactor G21C11/00; combined with X-ray tubes H01J35/16; combined with X-ray apparatus H05G1/02)"
G21G,"CONVERSION OF CHEMICAL ELEMENTS; RADIOACTIVE SOURCES (applications of radiation in general G21H5/00; handling particles, e.g. neutrons, or electromagnetic radiation not otherwise provided for G21K)"
G21H,"OBTAINING ENERGY FROM RADIOACTIVE SOURCES; APPLICATIONS OF RADIATION FROM RADIOACTIVE SOURCES, NOT OTHERWISE PROVIDED FOR; UTILISING COSMIC RADIATION (measurement of nuclear or X-radiation G01T; fusion reactors G21B; nuclear reactors G21C; lamps in which a gas filling is excited to luminescence by external corpuscular radiation or by radioactive material structurally associated with the lamp H01J65/04, H01J65/06)"
G21J,"NUCLEAR EXPLOSIVES; APPLICATIONS THEREOF (electric or magnetic analogue computers, e.g. simulators, for nuclear physics G06G7/54)"
G21K,HANDLING OF PARTICLES OR IONISING RADIATION NOT OTHERWISE PROVIDED FOR; IRRADIATION DEVICES; GAMMA RAY OR X-RAY MICROSCOPES
H01B,"CABLES; CONDUCTORS; INSULATORS; SELECTION OF MATERIALS FOR THEIR CONDUCTIVE, INSULATING OR DIELECTRIC PROPERTIES (selection for magnetic properties H01F1/00; waveguides H01P {; printed circuits H05K})"
H01C,RESISTORS
H01F,"MAGNETS; INDUCTANCES; TRANSFORMERS; SELECTION OF MATERIALS FOR THEIR MAGNETIC PROPERTIES (ceramics based on ferrites C04B35/26; alloys C22C {; construction of loading coils H01B}; loudspeakers, microphones, gramophone pick-ups or like acoustic electromechanical transducers H04R; thermomagnetic devices H10N15/00)"
H01G,"CAPACITORS; CAPACITORS, RECTIFIERS, DETECTORS, SWITCHING DEVICES, LIGHT-SENSITIVE OR TEMPERATURE-SENSITIVE DEVICES OF THE ELECTROLYTIC TYPE (selection of specified materials as dielectric H01B3/00; capacitors having potential barriers H10D1/62, H10K10/10)"
H01H,ELECTRIC SWITCHES; RELAYS; SELECTORS; EMERGENCY PROTECTIVE DEVICES (contact cables H01B7/10; electrolytic self-interrupters H01G9/18; emergency protective circuit arrangements H02H; switching by electronic means without contact-making H03K17/00)
H01J,ELECTRIC DISCHARGE TUBES OR DISCHARGE LAMPS (spark-gaps H01T; electric arc lamps H05B31/00; particle accelerators H05H)
H01K,"ELECTRIC INCANDESCENT LAMPS (details, apparatus or processes for manufacture applicable to both discharge devices and incandescent lamps H01J; light sources using a combination of incandescent and other types of light generation H01J61/96, H05B35/00)"
H01M,"PROCESSES OR MEANS, e.g. BATTERIES, FOR THE DIRECT CONVERSION OF CHEMICAL ENERGY INTO ELECTRICAL ENERGY"
H01P,"WAVEGUIDES; RESONATORS, LINES, OR OTHER DEVICES OF THE WAVEGUIDE TYPE (operating at optical frequencies G02B)"
H01Q,"ANTENNAS, i.e. RADIO AERIALS (radiators or antennas for microwave heating H05B6/72)"
H01R,ELECTRICALLY-CONDUCTIVE CONNECTIONS; STRUCTURAL ASSOCIATIONS OF A PLURALITY OF MUTUALLY-INSULATED ELECTRICAL CONNECTING ELEMENTS; COUPLING DEVICES; CURRENT COLLECTORS
H01S,DEVICES USING THE PROCESS OF LIGHT AMPLIFICATION BY STIMULATED EMISSION OF RADIATION [LASER] TO AMPLIFY OR GENERATE LIGHT; DEVICES USING STIMULATED EMISSION OF ELECTROMAGNETIC RADIATION IN WAVE RANGES OTHER THAN OPTICAL
H01T,SPARK GAPS; OVERVOLTAGE ARRESTERS USING SPARK GAPS; SPARKING PLUGS; CORONA DEVICES; GENERATING IONS TO BE INTRODUCED INTO NON-ENCLOSED GASES (overvoltage protection circuits H02H)
H02B,"BOARDS, SUBSTATIONS OR SWITCHING ARRANGEMENTS FOR THE SUPPLY OR DISTRIBUTION OF ELECTRIC POWER"
H02G,"INSTALLATION OF ELECTRIC CABLES OR LINES, OR OF COMBINED OPTICAL AND ELECTRIC CABLES OR LINES"
H02H,"EMERGENCY PROTECTIVE CIRCUIT ARRANGEMENTS (indicating or signalling undesired working conditions G01R, e.g. G01R31/00, G08B; locating faults along lines G01R31/08; emergency protective devices H01H)"
H02J,ELECTRIC POWER NETWORKS; CIRCUIT ARRANGEMENTS OR SYSTEMS FOR SUPPLYING OR DISTRIBUTING ELECTRIC POWER; SYSTEMS FOR STORING ELECTRIC ENERGY
H02K,DYNAMO-ELECTRIC MACHINES (dynamo-electric relays H01H53/00; conversion of DC or AC input power into surge output power {H03K3/53})
H02M,"APPARATUS FOR CONVERSION BETWEEN AC AND AC, BETWEEN AC AND DC, OR BETWEEN DC AND DC, AND FOR USE WITH MAINS OR SIMILAR POWER SUPPLY SYSTEMS; CONVERSION OF DC OR AC INPUT POWER INTO SURGE OUTPUT POWER; CONTROL OR REGULATION THEREOF (transformers H01F; dynamo-electric converters H02K47/00; controlling transformers, reactors or choke coils, control or regulation of electric motors, generators or dynamo-electric converters H02P)"
H02N,ELECTRIC MACHINES NOT OTHERWISE PROVIDED FOR
H02P,"CONTROL OR REGULATION OF ELECTRIC MOTORS, ELECTRIC GENERATORS OR DYNAMO-ELECTRIC CONVERTERS; CONTROLLING TRANSFORMERS, REACTORS OR CHOKE COILS"
H02S,"GENERATION OF ELECTRIC POWER BY CONVERSION OF INFRARED RADIATION, VISIBLE LIGHT OR ULTRAVIOLET LIGHT, e.g. USING PHOTOVOLTAIC [PV] MODULES (obtaining electrical energy from radioactive sources G21H1/12; light sensitive inorganic semiconductor devices H10F; light sensitive organic semiconductor devices H10K30/00; thermoelectric devices H10N10/00; pyroelectric devices H10N15/00)"
H03B,"GENERATION OF OSCILLATIONS, DIRECTLY OR BY FREQUENCY-CHANGING, BY CIRCUITS EMPLOYING ACTIVE ELEMENTS WHICH OPERATE IN A NON-SWITCHING MANNER; GENERATION OF NOISE BY SUCH CIRCUITS (generators adapted for electrophonic musical instruments G10H; masers or lasers H01S; generation of oscillations in plasma H05H)"
H03C,"MODULATION (masers or lasers H01S; coding, decoding or code conversion H03M)"
H03D,"DEMODULATION OR TRANSFERENCE OF MODULATION FROM ONE CARRIER TO ANOTHER (masers, lasers H01S; circuits capable of acting both as modulator and demodulator H03C; details applicable to both modulators and frequency-changers H03C; demodulating pulses H03K9/00; transforming types of pulse modulation H03K11/00; coding, decoding or code conversion, in general H03M; repeater stations H04B7/14; demodulators adapted for AC systems of digital information transmission H04L27/00; synchronous demodulators adapted for colour television H04N9/66)"
H03F,AMPLIFIERS
H03G,CONTROL OF AMPLIFICATION
H03H,"IMPEDANCE NETWORKS, e.g. RESONANT CIRCUITS; RESONATORS (waveguides, resonators, lines or other devices of the waveguide type H01P)"
H03J,TUNING RESONANT CIRCUITS; SELECTING RESONANT CIRCUITS
H03K,"PULSE TECHNIQUE (measuring pulse characteristics G01R; modulating sinusoidal oscillations with pulses H03C; transmission of digital information H04L; discriminator circuits detecting phase difference between two signals by counting or integrating cycles of oscillation H03D3/04; automatic control, starting, synchronisation or stabilisation of generators of electronic oscillations or pulses where the type of generator is irrelevant or unspecified H03L; coding, decoding or code conversion, in general H03M)"
H03L,"AUTOMATIC CONTROL, STARTING, SYNCHRONISATION OR STABILISATION OF GENERATORS OF ELECTRONIC OSCILLATIONS OR PULSES (generation of oscillations H03B)"
H03M,"CODING; DECODING; CODE CONVERSION IN GENERAL (using fluidic means F15C4/00; optical analogue/digital converters G02F7/00; coding, decoding or code conversion, specially adapted for particular applications, see the relevant subclasses, e.g. G01D, G01R, G06F, G06T, G09G, G10L, G11B, G11C, H04B, H04L, H04M, H04N; ciphering or deciphering for cryptography or other purposes involving the need for secrecy G09C)"
H04B,TRANSMISSION
H04H,BROADCAST COMMUNICATION (multiplex communication H04J; pictorial communication aspects of broadcast systems H04N)
H04J,MULTIPLEX COMMUNICATION (transmission in general H04B; peculiar to transmission of digital information H04L5/00; systems for the simultaneous or sequential transmission of more than one television signal H04N7/08; in exchanges H04Q11/00; stereophonic systems H04S)
H04K,SECRET COMMUNICATION; JAMMING OF COMMUNICATION
H04L,"TRANSMISSION OF DIGITAL INFORMATION, e.g. TELEGRAPHIC COMMUNICATION (arrangements common to telegraphic and telephonic communication H04M)"
H04M,TELEPHONIC COMMUNICATION (circuits for controlling other apparatus via a telephone cable and not involving telephone switching apparatus G08)
H04N,"PICTORIAL COMMUNICATION, e.g. TELEVISION"
H04Q,"SELECTING (switches, relays, selectors H01H; wireless communication networks H04W)"
H04R,"LOUDSPEAKERS, MICROPHONES, GRAMOPHONE PICK-UPS OR LIKE ACOUSTIC ELECTROMECHANICAL TRANSDUCERS; ELECTRIC HEARING AIDS; PUBLIC ADDRESS SYSTEMS (producing sounds with frequency not determined by supply frequency G10K)"
H04S,STEREOPHONIC SYSTEMS
H04W,"WIRELESS COMMUNICATION NETWORKS (broadcast communication H04H; communication systems using wireless links for non-selective communication, e.g. wireless extensions H04M1/72)"
H05B,"ELECTRIC HEATING; ELECTRIC LIGHT SOURCES NOT OTHERWISE PROVIDED FOR; CIRCUIT ARRANGEMENTS FOR ELECTRIC LIGHT SOURCES, IN GENERAL"
H05C,"ELECTRIC CIRCUITS OR APPARATUS SPECIALLY DESIGNED FOR USE IN EQUIPMENT FOR KILLING, STUNNING, OR GUIDING LIVING BEINGS (stationary means for catching or killing insects by electric means A01M1/22; apparatus for the destruction of noxious animals, other than insects, by electricity A01M19/00; electric traps for animals A01M23/38; scaring devices for animals A01M29/00; slaughtering or stunning by electric current A22B3/06)"
H05F,STATIC ELECTRICITY; NATURALLY-OCCURRING ELECTRICITY
H05G,X-RAY TECHNIQUE (investigating or analysing materials by the use of X-rays G01N23/00; apparatus for X-ray photography G03B42/02; X-ray tubes H01J35/00; TV systems having X-ray input H04N5/321)
H05H,PLASMA TECHNIQUE (apparatus or processes specially adapted for producing X-rays H05G2/00); PRODUCTION OF ACCELERATED ELECTRICALLY-CHARGED PARTICLES OR OF NEUTRONS; PRODUCTION OR ACCELERATION OF NEUTRAL MOLECULAR OR ATOMIC BEAMS
H05K,PRINTED CIRCUITS; CASINGS OR CONSTRUCTIONAL DETAILS OF ELECTRIC APPARATUS; MANUFACTURE OF ASSEMBLAGES OF ELECTRICAL COMPONENTS
H10B,ELECTRONIC MEMORY DEVICES
H10D,INORGANIC ELECTRIC SEMICONDUCTOR DEVICES
H10F,"INORGANIC SEMICONDUCTOR DEVICES SENSITIVE TO INFRARED RADIATION, LIGHT, ELECTROMAGNETIC RADIATION OF SHORTER WAVELENGTH OR CORPUSCULAR RADIATION"
H10H,INORGANIC LIGHT-EMITTING SEMICONDUCTOR DEVICES HAVING POTENTIAL BARRIERS
H10K,ORGANIC ELECTRIC SOLID-STATE DEVICES
H10N,ELECTRIC SOLID-STATE DEVICES NOT OTHERWISE PROVIDED FOR
